pegRNA_number,gRNA_type,Strand,Edit,Spacer_sequence,Scaffold_sequence,RTT_sequence,PBS_sequence,Target_name,Target_sequence,Spacer_GC_content,PAM_sequence,Extension_sequence,Annotation,pegRNA-to-edit_distance,Nick_index,ngRNA-to-pegRNA_distance,PBS_length,PBS_GC_content,RTT_length,RTT_GC_content,First_extension_nucleotide,COSMIC_count
271,pegRNA,-,I218T,GAAGGACAGCGAGTGGCGGA,GTTTAAGAGCTATGCTGGAAACAGCATAGCAAGTTTAAATAAGGCTAGTCCGTTATCAACTTGGCTGAATGCCTGCGAGCATCCCACCCAAGTGGCACCGAGTCGGTGC,GCAGAACagcaccC,GCCACTCGCTGTC,FOXA1_a3_wing2_5_ItoT,CAGCAGGCGCCCAGCAAGATGCTCACGCTGAGCGAGATCTACCAGTGGATCATGGACCTCTTCCCCTATTACCGGCAGAACCAGCAGCGCTGGCAGAACTCC(ATC/ACC)CGCCACTCGCTGTCCTTCAATGACTGCTTCGTCAAGGTGGCACGCTCCCCGGACAAGCCGGGCAAGGGCTCCTACTGGACGCTGCACCCGGACTCCGGCAACATGTTCGAGAACGGCTGCTACTTGCGCCGCCAGAAGCGCTTCAAGTGCGAGAAGCAGCCGGGGGCCGGCGGCGGGGGCGGGAGCGGAAGCGGGGGCAGCGGCGCCAAGGGCGGCCCTGAGAGCCGCAAGGACCCCTCTGGC,0.65,TGG-to-tgc,GCAGAACagcaccCGCCACTCGCTGTC,PAM_disrupted_silent_mutation,4.0,106,,13.0,0.69,14.0,0.64,G,1
316,pegRNA,-,R219S,CATTGAAGGACAGCGAGTGG,GTTTAAGAGCTATGCTGGAAACAGCATAGCAAGTTTAAATAAGGCTAGTCCGTTATCAACTTGGCTGAATGCCTGCGAGCATCCCACCCAAGTGGCACCGAGTCGGTGC,GAACTCCATCagcCA,CTCGCTGTCCTTC,FOXA1_a3_wing2_6_RtoS,CAGCAGGCGCCCAGCAAGATGCTCACGCTGAGCGAGATCTACCAGTGGATCATGGACCTCTTCCCCTATTACCGGCAGAACCAGCAGCGCTGGCAGAACTCCATC(CGC/AGC)CACTCGCTGTCCTTCAATGACTGCTTCGTCAAGGTGGCACGCTCCCCGGACAAGCCGGGCAAGGGCTCCTACTGGACGCTGCACCCGGACTCCGGCAACATGTTCGAGAACGGCTGCTACTTGCGCCGCCAGAAGCGCTTCAAGTGCGAGAAGCAGCCGGGGGCCGGCGGCGGGGGCGGGAGCGGAAGCGGGGGCAGCGGCGCCAAGGGCGGCCCTGAGAGCCGCAAGGACCCCTCTGGC,0.55,CGG,GAACTCCATCagcCACTCGCTGTCCTTC,PAM_disrupted,5.0,110,,13.0,0.62,15.0,0.53,G,1
417,pegRNA,+,H220Q,ACCGGCAGAACCAGCAGCGC,GTTTAAGAGCTATGCTGGAAACAGCATAGCAAGTTTAAATAAGGCTAGTCCGTTATCAACTTGGCTGAATGCCTGCGAGCATCCCACCCAAGTGGCACCGAGTCGGTGC,AGGACAGCGActgGCGGATGGAGTTCTGCCAGCG,CTGCTGGTTCTGC,FOXA1_a3_wing2_7_HtoQ,CAGCAGGCGCCCAGCAAGATGCTCACGCTGAGCGAGATCTACCAGTGGATCATGGACCTCTTCCCCTATTACCGGCAGAACCAGCAGCGCTGGCAGAACTCCATCCGC(CAC/CAG)TCGCTGTCCTTCAATGACTGCTTCGTCAAGGTGGCACGCTCCCCGGACAAGCCGGGCAAGGGCTCCTACTGGACGCTGCACCCGGACTCCGGCAACATGTTCGAGAACGGCTGCTACTTGCGCCGCCAGAAGCGCTTCAAGTGCGAGAAGCAGCCGGGGGCCGGCGGCGGGGGCGGGAGCGGAAGCGGGGGCAGCGGCGCCAAGGGCGGCCCTGAGAGCCGCAAGGACCCCTCTGGC,0.7,TGG,AGGACAGCGActgGCGGATGGAGTTCTGCCAGCGCTGCTGGTTCTGC,PAM_intact,24.0,87,,13.0,0.62,34.0,0.65,A,1
341,pegRNA,-,R219C,AGTCATTGAAGGACAGCGAG,GTTTAAGAGCTATGCTGGAAACAGCATAGCAAGTTTAAATAAGGCTAGTCCGTTATCAACTTGGCTGAATGCCTGCGAGCATCCCACCCAAGTGGCACCGAGTCGGTGC,GAACTCCATCtgtCACTC,GCTGTCCTTCAAT,FOXA1_a3_wing2_6_RtoC,CAGCAGGCGCCCAGCAAGATGCTCACGCTGAGCGAGATCTACCAGTGGATCATGGACCTCTTCCCCTATTACCGGCAGAACCAGCAGCGCTGGCAGAACTCCATC(CGC/TGC)CACTCGCTGTCCTTCAATGACTGCTTCGTCAAGGTGGCACGCTCCCCGGACAAGCCGGGCAAGGGCTCCTACTGGACGCTGCACCCGGACTCCGGCAACATGTTCGAGAACGGCTGCTACTTGCGCCGCCAGAAGCGCTTCAAGTGCGAGAAGCAGCCGGGGGCCGGCGGCGGGGGCGGGAGCGGAAGCGGGGGCAGCGGCGCCAAGGGCGGCCCTGAGAGCCGCAAGGACCCCTCTGGC,0.5,TGG-to-tga,GAACTCCATCtgtCACTCGCTGTCCTTCAAT,PAM_disrupted_silent_mutation,8.0,113,,13.0,0.46,18.0,0.5,G,1
589,pegRNA,-,F224L,CTTGACGAAGCAGTCATTGA,GTTTAAGAGCTATGCTGGAAACAGCATAGCAAGTTTAAATAAGGCTAGTCCGTTATCAACTTGGCTGAATGCCTGCGAGCATCCCACCCAAGTGGCACCGAGTCGGTGC,CTCGCTGagcctgA,ATGACTGCTTCGT,FOXA1_a3_wing2_11_FtoL,CAGCAGGCGCCCAGCAAGATGCTCACGCTGAGCGAGATCTACCAGTGGATCATGGACCTCTTCCCCTATTACCGGCAGAACCAGCAGCGCTGGCAGAACTCCATCCGCCACTCGCTGTCC(TTC/CTG)AATGACTGCTTCGTCAAGGTGGCACGCTCCCCGGACAAGCCGGGCAAGGGCTCCTACTGGACGCTGCACCCGGACTCCGGCAACATGTTCGAGAACGGCTGCTACTTGCGCCGCCAGAAGCGCTTCAAGTGCGAGAAGCAGCCGGGGGCCGGCGGCGGGGGCGGGAGCGGAAGCGGGGGCAGCGGCGCCAAGGGCGGCCCTGAGAGCCGCAAGGACCCCTCTGGC,0.45,AGG-to-ggc,CTCGCTGagcctgAATGACTGCTTCGT,PAM_disrupted_silent_mutation,4.0,124,,13.0,0.46,14.0,0.64,C,2
1181,pegRNA,-,S234C,AGCCCTTGCCCGGCTTGTCC,GTTTAAGAGCTATGCTGGAAACAGCATAGCAAGTTTAAATAAGGCTAGTCCGTTATCAACTTGGCTGAATGCCTGCGAGCATCCCACCCAAGTGGCACCGAGTCGGTGC,GGTGGCACGCtgtCCGGA,CAAGCCGGGCAAG,FOXA1_a3_wing2_21_StoC,CAGCAGGCGCCCAGCAAGATGCTCACGCTGAGCGAGATCTACCAGTGGATCATGGACCTCTTCCCCTATTACCGGCAGAACCAGCAGCGCTGGCAGAACTCCATCCGCCACTCGCTGTCCTTCAATGACTGCTTCGTCAAGGTGGCACGC(TCC/TGC)CCGGACAAGCCGGGCAAGGGCTCCTACTGGACGCTGCACCCGGACTCCGGCAACATGTTCGAGAACGGCTGCTACTTGCGCCGCCAGAAGCGCTTCAAGTGCGAGAAGCAGCCGGGGGCCGGCGGCGGGGGCGGGAGCGGAAGCGGGGGCAGCGGCGCCAAGGGCGGCCCTGAGAGCCGCAAGGACCCCTCTGGC,0.7,GGG-to-gga,GGTGGCACGCtgtCCGGACAAGCCGGGCAAG,PAM_disrupted_silent_mutation,8.0,158,,13.0,0.69,18.0,0.72,G,1
1008,pegRNA,-,V231L,GCCCTTGCCCGGCTTGTCCG,GTTTAAGAGCTATGCTGGAAACAGCATAGCAAGTTTAAATAAGGCTAGTCCGTTATCAACTTGGCTGAATGCCTGCGAGCATCCCACCCAAGTGGCACCGAGTCGGTGC,CTTCGTCAAGctgGCACGCagcCCGG,ACAAGCCGGGCAA,FOXA1_a3_wing2_18_VtoL,CAGCAGGCGCCCAGCAAGATGCTCACGCTGAGCGAGATCTACCAGTGGATCATGGACCTCTTCCCCTATTACCGGCAGAACCAGCAGCGCTGGCAGAACTCCATCCGCCACTCGCTGTCCTTCAATGACTGCTTCGTCAAG(GTG/CTG)GCACGCTCCCCGGACAAGCCGGGCAAGGGCTCCTACTGGACGCTGCACCCGGACTCCGGCAACATGTTCGAGAACGGCTGCTACTTGCGCCGCCAGAAGCGCTTCAAGTGCGAGAAGCAGCCGGGGGCCGGCGGCGGGGGCGGGAGCGGAAGCGGGGGCAGCGGCGCCAAGGGCGGCCCTGAGAGCCGCAAGGACCCCTCTGGC,0.75,GGG-to-ggc,CTTCGTCAAGctgGCACGCagcCCGGACAAGCCGGGCAA,PAM_disrupted_silent_mutation,16.0,157,,13.0,0.62,26.0,0.69,C,1
870,pegRNA,-,V229I,GAGCCCTTGCCCGGCTTGTC,GTTTAAGAGCTATGCTGGAAACAGCATAGCAAGTTTAAATAAGGCTAGTCCGTTATCAACTTGGCTGAATGCCTGCGAGCATCCCACCCAAGTGGCACCGAGTCGGTGC,TGACTGCTTCatcAAGGTGGCACGCTCCCCGGAC,AAGCCGGGCAAGG,FOXA1_a3_wing2_16_VtoI,CAGCAGGCGCCCAGCAAGATGCTCACGCTGAGCGAGATCTACCAGTGGATCATGGACCTCTTCCCCTATTACCGGCAGAACCAGCAGCGCTGGCAGAACTCCATCCGCCACTCGCTGTCCTTCAATGACTGCTTC(GTC/ATC)AAGGTGGCACGCTCCCCGGACAAGCCGGGCAAGGGCTCCTACTGGACGCTGCACCCGGACTCCGGCAACATGTTCGAGAACGGCTGCTACTTGCGCCGCCAGAAGCGCTTCAAGTGCGAGAAGCAGCCGGGGGCCGGCGGCGGGGGCGGGAGCGGAAGCGGGGGCAGCGGCGCCAAGGGCGGCCCTGAGAGCCGCAAGGACCCCTCTGGC,0.7,CGG,TGACTGCTTCatcAAGGTGGCACGCTCCCCGGACAAGCCGGGCAAGG,PAM_intact,24.0,159,,13.0,0.69,34.0,0.62,T,1
1031,pegRNA,+,A232V,CTTCAATGACTGCTTCGTCA,GTTTAAGAGCTATGCTGGAAACAGCATAGCAAGTTTAAATAAGGCTAGTCCGTTATCAACTTGGCTGAATGCCTGCGAGCATCCCACCCAAGTGGCACCGAGTCGGTGC,CCGGGGAGCGcacCACtttGA,CGAAGCAGTCATT,FOXA1_a3_wing2_19_AtoV,CAGCAGGCGCCCAGCAAGATGCTCACGCTGAGCGAGATCTACCAGTGGATCATGGACCTCTTCCCCTATTACCGGCAGAACCAGCAGCGCTGGCAGAACTCCATCCGCCACTCGCTGTCCTTCAATGACTGCTTCGTCAAGGTG(GCA/GTG)CGCTCCCCGGACAAGCCGGGCAAGGGCTCCTACTGGACGCTGCACCCGGACTCCGGCAACATGTTCGAGAACGGCTGCTACTTGCGCCGCCAGAAGCGCTTCAAGTGCGAGAAGCAGCCGGGGGCCGGCGGCGGGGGCGGGAGCGGAAGCGGGGGCAGCGGCGCCAAGGGCGGCCCTGAGAGCCGCAAGGACCCCTCTGGC,0.45,AGG-to-aag,CCGGGGAGCGcacCACtttGACGAAGCAGTCATT,PAM_disrupted_silent_mutation,11.0,136,,13.0,0.46,21.0,0.67,C,1
1191,pegRNA,+,S234F,CAATGACTGCTTCGTCAAGG,GTTTAAGAGCTATGCTGGAAACAGCATAGCAAGTTTAAATAAGGCTAGTCCGTTATCAACTTGGCTGAATGCCTGCGAGCATCCCACCCAAGTGGCACCGAGTCGGTGC,GCTTGTCCGGgaaGCGTGCgacCT,TGACGAAGCAGTC,FOXA1_a3_wing2_21_StoF,CAGCAGGCGCCCAGCAAGATGCTCACGCTGAGCGAGATCTACCAGTGGATCATGGACCTCTTCCCCTATTACCGGCAGAACCAGCAGCGCTGGCAGAACTCCATCCGCCACTCGCTGTCCTTCAATGACTGCTTCGTCAAGGTGGCACGC(TCC/TTC)CCGGACAAGCCGGGCAAGGGCTCCTACTGGACGCTGCACCCGGACTCCGGCAACATGTTCGAGAACGGCTGCTACTTGCGCCGCCAGAAGCGCTTCAAGTGCGAGAAGCAGCCGGGGGCCGGCGGCGGGGGCGGGAGCGGAAGCGGGGGCAGCGGCGCCAAGGGCGGCCCTGAGAGCCGCAAGGACCCCTCTGGC,0.5,TGG-to-tcg,GCTTGTCCGGgaaGCGTGCgacCTTGACGAAGCAGTC,PAM_disrupted_silent_mutation,14.0,139,,13.0,0.54,24.0,0.67,G,1
1282,pegRNA,+,D236N,CGTCAAGGTGGCACGCTCCC,GTTTAAGAGCTATGCTGGAAACAGCATAGCAAGTTTAAATAAGGCTAGTCCGTTATCAACTTGGCTGAATGCCTGCGAGCATCCCACCCAAGTGGCACCGAGTCGGTGC,TGCCCGGCTTgttCGGGG,AGCGTGCCACCTT,FOXA1_a3_wing2_23_DtoN,CAGCAGGCGCCCAGCAAGATGCTCACGCTGAGCGAGATCTACCAGTGGATCATGGACCTCTTCCCCTATTACCGGCAGAACCAGCAGCGCTGGCAGAACTCCATCCGCCACTCGCTGTCCTTCAATGACTGCTTCGTCAAGGTGGCACGCTCCCCG(GAC/AAC)AAGCCGGGCAAGGGCTCCTACTGGACGCTGCACCCGGACTCCGGCAACATGTTCGAGAACGGCTGCTACTTGCGCCGCCAGAAGCGCTTCAAGTGCGAGAAGCAGCCGGGGGCCGGCGGCGGGGGCGGGAGCGGAAGCGGGGGCAGCGGCGCCAAGGGCGGCCCTGAGAGCCGCAAGGACCCCTCTGGC,0.7,CGG,TGCCCGGCTTgttCGGGGAGCGTGCCACCTT,PAM_disrupted,8.0,151,,13.0,0.62,18.0,0.72,T,1
1723,pegRNA,-,Y243C,GTCCGGGTGCAGCGTCCAGT,GTTTAAGAGCTATGCTGGAAACAGCATAGCAAGTTTAAATAAGGCTAGTCCGTTATCAACTTGGCTGAATGCCTGCGAGCATCCCACCCAAGTGGCACCGAGTCGGTGC,CAAGGGCagctgcT,GGACGCTGCACCC,FOXA1_a3_wing2_30_YtoC,CAGCAGGCGCCCAGCAAGATGCTCACGCTGAGCGAGATCTACCAGTGGATCATGGACCTCTTCCCCTATTACCGGCAGAACCAGCAGCGCTGGCAGAACTCCATCCGCCACTCGCTGTCCTTCAATGACTGCTTCGTCAAGGTGGCACGCTCCCCGGACAAGCCGGGCAAGGGCTCC(TAC/TGC)TGGACGCTGCACCCGGACTCCGGCAACATGTTCGAGAACGGCTGCTACTTGCGCCGCCAGAAGCGCTTCAAGTGCGAGAAGCAGCCGGGGGCCGGCGGCGGGGGCGGGAGCGGAAGCGGGGGCAGCGGCGCCAAGGGCGGCCCTGAGAGCCGCAAGGACCCCTCTGGC,0.7,AGG-to-agc,CAAGGGCagctgcTGGACGCTGCACCC,PAM_disrupted_silent_mutation,4.0,181,,13.0,0.77,14.0,0.64,C,2
1400,pegRNA,-,P238S,GTCCAGTAGGAGCCCTTGCC,GTTTAAGAGCTATGCTGGAAACAGCATAGCAAGTTTAAATAAGGCTAGTCCGTTATCAACTTGGCTGAATGCCTGCGAGCATCCCACCCAAGTGGCACCGAGTCGGTGC,CCCGGACAAGagcGGC,AAGGGCTCCTACT,FOXA1_a3_wing2_25_PtoS,CAGCAGGCGCCCAGCAAGATGCTCACGCTGAGCGAGATCTACCAGTGGATCATGGACCTCTTCCCCTATTACCGGCAGAACCAGCAGCGCTGGCAGAACTCCATCCGCCACTCGCTGTCCTTCAATGACTGCTTCGTCAAGGTGGCACGCTCCCCGGACAAG(CCG/AGC)GGCAAGGGCTCCTACTGGACGCTGCACCCGGACTCCGGCAACATGTTCGAGAACGGCTGCTACTTGCGCCGCCAGAAGCGCTTCAAGTGCGAGAAGCAGCCGGGGGCCGGCGGCGGGGGCGGGAGCGGAAGCGGGGGCAGCGGCGCCAAGGGCGGCCCTGAGAGCCGCAAGGACCCCTCTGGC,0.65,CGG,CCCGGACAAGagcGGCAAGGGCTCCTACT,PAM_disrupted,6.0,168,,13.0,0.54,16.0,0.75,C,1
1665,pegRNA,+,S242Y,GGCACGCTCCCCGGACAAGC,GTTTAAGAGCTATGCTGGAAACAGCATAGCAAGTTTAAATAAGGCTAGTCCGTTATCAACTTGGCTGAATGCCTGCGAGCATCCCACCCAAGTGGCACCGAGTCGGTGC,GCGTCCAGTAgtaGCCCTTGCCgggCT,TGTCCGGGGAGCG,FOXA1_a3_wing2_29_StoY,CAGCAGGCGCCCAGCAAGATGCTCACGCTGAGCGAGATCTACCAGTGGATCATGGACCTCTTCCCCTATTACCGGCAGAACCAGCAGCGCTGGCAGAACTCCATCCGCCACTCGCTGTCCTTCAATGACTGCTTCGTCAAGGTGGCACGCTCCCCGGACAAGCCGGGCAAGGGC(TCC/TAC)TACTGGACGCTGCACCCGGACTCCGGCAACATGTTCGAGAACGGCTGCTACTTGCGCCGCCAGAAGCGCTTCAAGTGCGAGAAGCAGCCGGGGGCCGGCGGCGGGGGCGGGAGCGGAAGCGGGGGCAGCGGCGCCAAGGGCGGCCCTGAGAGCCGCAAGGACCCCTCTGGC,0.75,CGG-to-ccg,GCGTCCAGTAgtaGCCCTTGCCgggCTTGTCCGGGGAGCG,PAM_disrupted_silent_mutation,17.0,160,,13.0,0.77,27.0,0.67,G,1
1444,pegRNA,+,G239D,GCACGCTCCCCGGACAAGCC,GTTTAAGAGCTATGCTGGAAACAGCATAGCAAGTTTAAATAAGGCTAGTCCGTTATCAACTTGGCTGAATGCCTGCGAGCATCCCACCCAAGTGGCACCGAGTCGGTGC,AGGAGCCCTTgtcCGGC,TTGTCCGGGGAGC,FOXA1_a3_wing2_26_GtoD,CAGCAGGCGCCCAGCAAGATGCTCACGCTGAGCGAGATCTACCAGTGGATCATGGACCTCTTCCCCTATTACCGGCAGAACCAGCAGCGCTGGCAGAACTCCATCCGCCACTCGCTGTCCTTCAATGACTGCTTCGTCAAGGTGGCACGCTCCCCGGACAAGCCG(GGC/GAC)AAGGGCTCCTACTGGACGCTGCACCCGGACTCCGGCAACATGTTCGAGAACGGCTGCTACTTGCGCCGCCAGAAGCGCTTCAAGTGCGAGAAGCAGCCGGGGGCCGGCGGCGGGGGCGGGAGCGGAAGCGGGGGCAGCGGCGCCAAGGGCGGCCCTGAGAGCCGCAAGGACCCCTCTGGC,0.75,GGG,AGGAGCCCTTgtcCGGCTTGTCCGGGGAGC,PAM_disrupted,7.0,161,,13.0,0.69,17.0,0.71,A,1
1977,pegRNA,+,H247Q,CTCCCCGGACAAGCCGGGCA,GTTTAAGAGCTATGCTGGAAACAGCATAGCAAGTTTAAATAAGGCTAGTCCGTTATCAACTTGGCTGAATGCCTGCGAGCATCCCACCCAAGTGGCACCGAGTCGGTGC,CGGAGTCCGGctgCAGCGTCCAGTAGGAGCCtttGC,CCGGCTTGTCCGG,FOXA1_a3_wing2_34_HtoQ,CAGCAGGCGCCCAGCAAGATGCTCACGCTGAGCGAGATCTACCAGTGGATCATGGACCTCTTCCCCTATTACCGGCAGAACCAGCAGCGCTGGCAGAACTCCATCCGCCACTCGCTGTCCTTCAATGACTGCTTCGTCAAGGTGGCACGCTCCCCGGACAAGCCGGGCAAGGGCTCCTACTGGACGCTG(CAC/CAG)CCGGACTCCGGCAACATGTTCGAGAACGGCTGCTACTTGCGCCGCCAGAAGCGCTTCAAGTGCGAGAAGCAGCCGGGGGCCGGCGGCGGGGGCGGGAGCGGAAGCGGGGGCAGCGGCGCCAAGGGCGGCCCTGAGAGCCGCAAGGACCCCTCTGGC,0.75,AGG-to-aag,CGGAGTCCGGctgCAGCGTCCAGTAGGAGCCtttGCCCGGCTTGTCCGG,PAM_disrupted_silent_mutation,26.0,166,,13.0,0.77,36.0,0.67,C,2
1600,pegRNA,+,G241C,TCCCCGGACAAGCCGGGCAA,GTTTAAGAGCTATGCTGGAAACAGCATAGCAAGTTTAAATAAGGCTAGTCCGTTATCAACTTGGCTGAATGCCTGCGAGCATCCCACCCAAGTGGCACCGAGTCGGTGC,TCCAGTAGGAgcaCTTG,CCCGGCTTGTCCG,FOXA1_a3_wing2_28_GtoC,CAGCAGGCGCCCAGCAAGATGCTCACGCTGAGCGAGATCTACCAGTGGATCATGGACCTCTTCCCCTATTACCGGCAGAACCAGCAGCGCTGGCAGAACTCCATCCGCCACTCGCTGTCCTTCAATGACTGCTTCGTCAAGGTGGCACGCTCCCCGGACAAGCCGGGCAAG(GGC/TGC)TCCTACTGGACGCTGCACCCGGACTCCGGCAACATGTTCGAGAACGGCTGCTACTTGCGCCGCCAGAAGCGCTTCAAGTGCGAGAAGCAGCCGGGGGCCGGCGGCGGGGGCGGGAGCGGAAGCGGGGGCAGCGGCGCCAAGGGCGGCCCTGAGAGCCGCAAGGACCCCTCTGGC,0.7,GGG,TCCAGTAGGAgcaCTTGCCCGGCTTGTCCG,PAM_disrupted,7.0,167,,13.0,0.77,17.0,0.53,T,1
1780,pegRNA,+,W244C,AGCCGGGCAAGGGCTCCTAC,GTTTAAGAGCTATGCTGGAAACAGCATAGCAAGTTTAAATAAGGCTAGTCCGTTATCAACTTGGCTGAATGCCTGCGAGCATCCCACCCAAGTGGCACCGAGTCGGTGC,GGTGCAGCGTgcaGTA,GGAGCCCTTGCCC,FOXA1_a3_wing2_31_WtoC,CAGCAGGCGCCCAGCAAGATGCTCACGCTGAGCGAGATCTACCAGTGGATCATGGACCTCTTCCCCTATTACCGGCAGAACCAGCAGCGCTGGCAGAACTCCATCCGCCACTCGCTGTCCTTCAATGACTGCTTCGTCAAGGTGGCACGCTCCCCGGACAAGCCGGGCAAGGGCTCCTAC(TGG/TGC)ACGCTGCACCCGGACTCCGGCAACATGTTCGAGAACGGCTGCTACTTGCGCCGCCAGAAGCGCTTCAAGTGCGAGAAGCAGCCGGGGGCCGGCGGCGGGGGCGGGAGCGGAAGCGGGGGCAGCGGCGCCAAGGGCGGCCCTGAGAGCCGCAAGGACCCCTCTGGC,0.7,TGG,GGTGCAGCGTgcaGTAGGAGCCCTTGCCC,PAM_disrupted,6.0,177,,13.0,0.77,16.0,0.62,G,1
1936,pegRNA,-,H247R,CGAACATGTTGCCGGAGTCC,GTTTAAGAGCTATGCTGGAAACAGCATAGCAAGTTTAAATAAGGCTAGTCCGTTATCAACTTGGCTGAATGCCTGCGAGCATCCCACCCAAGTGGCACCGAGTCGGTGC,CTGGACGCTGcggCCGGA,CTCCGGCAACATG,FOXA1_a3_wing2_34_HtoR,CAGCAGGCGCCCAGCAAGATGCTCACGCTGAGCGAGATCTACCAGTGGATCATGGACCTCTTCCCCTATTACCGGCAGAACCAGCAGCGCTGGCAGAACTCCATCCGCCACTCGCTGTCCTTCAATGACTGCTTCGTCAAGGTGGCACGCTCCCCGGACAAGCCGGGCAAGGGCTCCTACTGGACGCTG(CAC/CGG)CCGGACTCCGGCAACATGTTCGAGAACGGCTGCTACTTGCGCCGCCAGAAGCGCTTCAAGTGCGAGAAGCAGCCGGGGGCCGGCGGCGGGGGCGGGAGCGGAAGCGGGGGCAGCGGCGCCAAGGGCGGCCCTGAGAGCCGCAAGGACCCCTCTGGC,0.6,GGG,CTGGACGCTGcggCCGGACTCCGGCAACATG,PAM_disrupted,8.0,197,,13.0,0.62,18.0,0.78,C,2
2149,pegRNA,-,S250F,GCCGTTCTCGAACATGTTGC,GTTTAAGAGCTATGCTGGAAACAGCATAGCAAGTTTAAATAAGGCTAGTCCGTTATCAACTTGGCTGAATGCCTGCGAGCATCCCACCCAAGTGGCACCGAGTCGGTGC,GCACCCGGACttcGGCA,ACATGTTCGAGAA,FOXA1_a3_wing2_37_StoF,CAGCAGGCGCCCAGCAAGATGCTCACGCTGAGCGAGATCTACCAGTGGATCATGGACCTCTTCCCCTATTACCGGCAGAACCAGCAGCGCTGGCAGAACTCCATCCGCCACTCGCTGTCCTTCAATGACTGCTTCGTCAAGGTGGCACGCTCCCCGGACAAGCCGGGCAAGGGCTCCTACTGGACGCTGCACCCGGAC(TCC/TTC)GGCAACATGTTCGAGAACGGCTGCTACTTGCGCCGCCAGAAGCGCTTCAAGTGCGAGAAGCAGCCGGGGGCCGGCGGCGGGGGCGGGAGCGGAAGCGGGGGCAGCGGCGCCAAGGGCGGCCCTGAGAGCCGCAAGGACCCCTCTGGC,0.55,CGG,GCACCCGGACttcGGCAACATGTTCGAGAA,PAM_disrupted,7.0,205,,13.0,0.38,17.0,0.71,G,2
2037,pegRNA,-,P248Q,TCGAACATGTTGCCGGAGTC,GTTTAAGAGCTATGCTGGAAACAGCATAGCAAGTTTAAATAAGGCTAGTCCGTTATCAACTTGGCTGAATGCCTGCGAGCATCCCACCCAAGTGGCACCGAGTCGGTGC,GACGCTGCACcagGAC,TCCGGCAACATGT,FOXA1_a3_wing2_35_PtoQ,CAGCAGGCGCCCAGCAAGATGCTCACGCTGAGCGAGATCTACCAGTGGATCATGGACCTCTTCCCCTATTACCGGCAGAACCAGCAGCGCTGGCAGAACTCCATCCGCCACTCGCTGTCCTTCAATGACTGCTTCGTCAAGGTGGCACGCTCCCCGGACAAGCCGGGCAAGGGCTCCTACTGGACGCTGCAC(CCG/CAG)GACTCCGGCAACATGTTCGAGAACGGCTGCTACTTGCGCCGCCAGAAGCGCTTCAAGTGCGAGAAGCAGCCGGGGGCCGGCGGCGGGGGCGGGAGCGGAAGCGGGGGCAGCGGCGCCAAGGGCGGCCCTGAGAGCCGCAAGGACCCCTCTGGC,0.55,CGG,GACGCTGCACcagGACTCCGGCAACATGT,PAM_disrupted,6.0,198,,13.0,0.54,16.0,0.69,G,1
2389,pegRNA,+,F254L,CTCCTACTGGACGCTGCACC,GTTTAAGAGCTATGCTGGAAACAGCATAGCAAGTTTAAATAAGGCTAGTCCGTTATCAACTTGGCTGAATGCCTGCGAGCATCCCACCCAAGTGGCACCGAGTCGGTGC,AGCCGTTCTCcagCATGTTGCCGGAGTCgggGT,GCAGCGTCCAGTA,FOXA1_a3_wing2_41_FtoL,CAGCAGGCGCCCAGCAAGATGCTCACGCTGAGCGAGATCTACCAGTGGATCATGGACCTCTTCCCCTATTACCGGCAGAACCAGCAGCGCTGGCAGAACTCCATCCGCCACTCGCTGTCCTTCAATGACTGCTTCGTCAAGGTGGCACGCTCCCCGGACAAGCCGGGCAAGGGCTCCTACTGGACGCTGCACCCGGACTCCGGCAACATG(TTC/CTG)GAGAACGGCTGCTACTTGCGCCGCCAGAAGCGCTTCAAGTGCGAGAAGCAGCCGGGGGCCGGCGGCGGGGGCGGGAGCGGAAGCGGGGGCAGCGGCGCCAAGGGCGGCCCTGAGAGCCGCAAGGACCCCTCTGGC,0.65,CGG-to-ccg,AGCCGTTCTCcagCATGTTGCCGGAGTCgggGTGCAGCGTCCAGTA,PAM_disrupted_silent_mutation,23.0,190,,13.0,0.62,33.0,0.64,A,2
2165,pegRNA,+,G251D,TGGACGCTGCACCCGGACTC,GTTTAAGAGCTATGCTGGAAACAGCATAGCAAGTTTAAATAAGGCTAGTCCGTTATCAACTTGGCTGAATGCCTGCGAGCATCCCACCCAAGTGGCACCGAGTCGGTGC,CGAACATGTTgtcGGAG,TCCGGGTGCAGCG,FOXA1_a3_wing2_38_GtoD,CAGCAGGCGCCCAGCAAGATGCTCACGCTGAGCGAGATCTACCAGTGGATCATGGACCTCTTCCCCTATTACCGGCAGAACCAGCAGCGCTGGCAGAACTCCATCCGCCACTCGCTGTCCTTCAATGACTGCTTCGTCAAGGTGGCACGCTCCCCGGACAAGCCGGGCAAGGGCTCCTACTGGACGCTGCACCCGGACTCC(GGC/GAC)AACATGTTCGAGAACGGCTGCTACTTGCGCCGCCAGAAGCGCTTCAAGTGCGAGAAGCAGCCGGGGGCCGGCGGCGGGGGCGGGAGCGGAAGCGGGGGCAGCGGCGCCAAGGGCGGCCCTGAGAGCCGCAAGGACCCCTCTGGC,0.7,CGG,CGAACATGTTgtcGGAGTCCGGGTGCAGCG,PAM_disrupted,7.0,197,,13.0,0.77,17.0,0.53,C,1
2800,pegRNA,-,R261C,CGCACTTGAAGCGCTTCTGG,GTTTAAGAGCTATGCTGGAAACAGCATAGCAAGTTTAAATAAGGCTAGTCCGTTATCAACTTGGCTGAATGCCTGCGAGCATCCCACCCAAGTGGCACCGAGTCGGTGC,CTGCTACTTGtgtCGCCA,GAAGCGCTTCAAG,FOXA1_a3_wing2_48_RtoC,CAGCAGGCGCCCAGCAAGATGCTCACGCTGAGCGAGATCTACCAGTGGATCATGGACCTCTTCCCCTATTACCGGCAGAACCAGCAGCGCTGGCAGAACTCCATCCGCCACTCGCTGTCCTTCAATGACTGCTTCGTCAAGGTGGCACGCTCCCCGGACAAGCCGGGCAAGGGCTCCTACTGGACGCTGCACCCGGACTCCGGCAACATGTTCGAGAACGGCTGCTACTTG(CGC/TGC)CGCCAGAAGCGCTTCAAGTGCGAGAAGCAGCCGGGGGCCGGCGGCGGGGGCGGGAGCGGAAGCGGGGGCAGCGGCGCCAAGGGCGGCCCTGAGAGCCGCAAGGACCCCTCTGGC,0.6,CGG-to-cga,CTGCTACTTGtgtCGCCAGAAGCGCTTCAAG,PAM_disrupted_silent_mutation,8.0,239,,13.0,0.54,18.0,0.56,C,2
2816,pegRNA,-,R261H,TCTCGCACTTGAAGCGCTTC,GTTTAAGAGCTATGCTGGAAACAGCATAGCAAGTTTAAATAAGGCTAGTCCGTTATCAACTTGGCTGAATGCCTGCGAGCATCCCACCCAAGTGGCACCGAGTCGGTGC,CTGCTACTTGcaccggCAGAA,GCGCTTCAAGTGC,FOXA1_a3_wing2_48_RtoH,CAGCAGGCGCCCAGCAAGATGCTCACGCTGAGCGAGATCTACCAGTGGATCATGGACCTCTTCCCCTATTACCGGCAGAACCAGCAGCGCTGGCAGAACTCCATCCGCCACTCGCTGTCCTTCAATGACTGCTTCGTCAAGGTGGCACGCTCCCCGGACAAGCCGGGCAAGGGCTCCTACTGGACGCTGCACCCGGACTCCGGCAACATGTTCGAGAACGGCTGCTACTTG(CGC/CAC)CGCCAGAAGCGCTTCAAGTGCGAGAAGCAGCCGGGGGCCGGCGGCGGGGGCGGGAGCGGAAGCGGGGGCAGCGGCGCCAAGGGCGGCCCTGAGAGCCGCAAGGACCCCTCTGGC,0.55,TGG-to-tgc,CTGCTACTTGcaccggCAGAAGCGCTTCAAGTGC,PAM_disrupted_silent_mutation,11.0,242,,13.0,0.62,21.0,0.57,C,2
3111,pegRNA,+,F266L,TCCGGCAACATGTTCGAGAA,GTTTAAGAGCTATGCTGGAAACAGCATAGCAAGTTTAAATAAGGCTAGTCCGTTATCAACTTGGCTGAATGCCTGCGAGCATCCCACCCAAGTGGCACCGAGTCGGTGC,TCTCGCACTTcagGCGCTTCTGGCGGCGCAAGTAGCAGCCGTTC,TCGAACATGTTGC,FOXA1_a3_wing2_53_FtoL,CAGCAGGCGCCCAGCAAGATGCTCACGCTGAGCGAGATCTACCAGTGGATCATGGACCTCTTCCCCTATTACCGGCAGAACCAGCAGCGCTGGCAGAACTCCATCCGCCACTCGCTGTCCTTCAATGACTGCTTCGTCAAGGTGGCACGCTCCCCGGACAAGCCGGGCAAGGGCTCCTACTGGACGCTGCACCCGGACTCCGGCAACATGTTCGAGAACGGCTGCTACTTGCGCCGCCAGAAGCGC(TTC/CTG)AAGTGCGAGAAGCAGCCGGGGGCCGGCGGCGGGGGCGGGAGCGGAAGCGGGGGCAGCGGCGCCAAGGGCGGCCCTGAGAGCCGCAAGGACCCCTCTGGC,0.5,CGG,TCTCGCACTTcagGCGCTTCTGGCGGCGCAAGTAGCAGCCGTTCTCGAACATGTTGC,PAM_intact,34.0,215,,13.0,0.46,44.0,0.64,T,4
3256,pegRNA,-,E269Q,CCGCCCCCGCCGCCGGCCCC,GTTTAAGAGCTATGCTGGAAACAGCATAGCAAGTTTAAATAAGGCTAGTCCGTTATCAACTTGGCTGAATGCCTGCGAGCATCCCACCCAAGTGGCACCGAGTCGGTGC,CTTCAAGTGCcagAAGCAGCCGGGG,GCCGGCGGCGGGG,FOXA1_a3_wing2_56_EtoQ,CAGCAGGCGCCCAGCAAGATGCTCACGCTGAGCGAGATCTACCAGTGGATCATGGACCTCTTCCCCTATTACCGGCAGAACCAGCAGCGCTGGCAGAACTCCATCCGCCACTCGCTGTCCTTCAATGACTGCTTCGTCAAGGTGGCACGCTCCCCGGACAAGCCGGGCAAGGGCTCCTACTGGACGCTGCACCCGGACTCCGGCAACATGTTCGAGAACGGCTGCTACTTGCGCCGCCAGAAGCGCTTCAAGTGC(GAG/CAG)AAGCAGCCGGGGGCCGGCGGCGGGGGCGGGAGCGGAAGCGGGGGCAGCGGCGCCAAGGGCGGCCCTGAGAGCCGCAAGGACCCCTCTGGC,1.0,CGG,CTTCAAGTGCcagAAGCAGCCGGGGGCCGGCGGCGGGG,PAM_intact,15.0,270,,13.0,1.0,25.0,0.64,C,1
3172,pegRNA,-,K267Q,TCCGCTCCCGCCCCCGCCGC,GTTTAAGAGCTATGCTGGAAACAGCATAGCAAGTTTAAATAAGGCTAGTCCGTTATCAACTTGGCTGAATGCCTGCGAGCATCCCACCCAAGTGGCACCGAGTCGGTGC,GAAGCGCTTCcagTGCGAGAAGCAGCCGGGGgctGGCG,GCGGGGGCGGGAG,FOXA1_a3_wing2_54_KtoQ,CAGCAGGCGCCCAGCAAGATGCTCACGCTGAGCGAGATCTACCAGTGGATCATGGACCTCTTCCCCTATTACCGGCAGAACCAGCAGCGCTGGCAGAACTCCATCCGCCACTCGCTGTCCTTCAATGACTGCTTCGTCAAGGTGGCACGCTCCCCGGACAAGCCGGGCAAGGGCTCCTACTGGACGCTGCACCCGGACTCCGGCAACATGTTCGAGAACGGCTGCTACTTGCGCCGCCAGAAGCGCTTC(AAG/CAG)TGCGAGAAGCAGCCGGGGGCCGGCGGCGGGGGCGGGAGCGGAAGCGGGGGCAGCGGCGCCAAGGGCGGCCCTGAGAGCCGCAAGGACCCCTCTGGC,0.9,CGG-to-cag,GAAGCGCTTCcagTGCGAGAAGCAGCCGGGGgctGGCGGCGGGGGCGGGAG,PAM_disrupted_silent_mutation,28.0,277,,13.0,0.92,38.0,0.71,G,1
