pegRNA_number,gRNA_type,Strand,Edit,Spacer_sequence,Scaffold_sequence,RTT_sequence,PBS_sequence,Linker_sequence,Motif_sequence,Target_name,Target_sequence,Spacer_GC_content,PAM_sequence,Extension_sequence,Annotation,pegRNA-to-edit_distance,Nick_index,ngRNA-to-pegRNA_distance,PBS_length,PBS_GC_content,RTT_length,RTT_GC_content,First_extension_nucleotide,COSMIC_count
271,pegRNA,-,I218T,GAAGGACAGCGAGTGGCGGA,GTTTAAGAGCTATGCTGGAAACAGCATAGCAAGTTTAAATAAGGCTAGTCCGTTATCAACTTGGCTGAATGCCTGCGAGCATCCCACCCAAGTGGCACCGAGTCGGTGC,GCAGAACagcaccC,GCCACTCGCTGTCC,CAATACAT,CGCGGTTCTATCTAGTTACGCGTTAAACCAACTAGAA,FOXA1_a3_wing2_5_ItoT,CAGCAGGCGCCCAGCAAGATGCTCACGCTGAGCGAGATCTACCAGTGGATCATGGACCTCTTCCCCTATTACCGGCAGAACCAGCAGCGCTGGCAGAACTCC(ATC/ACC)CGCCACTCGCTGTCCTTCAATGACTGCTTCGTCAAGGTGGCACGCTCCCCGGACAAGCCGGGCAAGGGCTCCTACTGGACGCTGCACCCGGACTCCGGCAACATGTTCGAGAACGGCTGCTACTTGCGCCGCCAGAAGCGCTTCAAGTGCGAGAAGCAGCCGGGGGCCGGCGGCGGGGGCGGGAGCGGAAGCGGGGGCAGCGGCGCCAAGGGCGGCCCTGAGAGCCGCAAGGACCCCTCTGGC,0.65,TGG-to-tgc,GCAGAACagcaccCGCCACTCGCTGTCC,PAM_disrupted_silent_mutation,4,106,,14,0.71,14,0.64,G,1
316,pegRNA,-,R219S,CATTGAAGGACAGCGAGTGG,GTTTAAGAGCTATGCTGGAAACAGCATAGCAAGTTTAAATAAGGCTAGTCCGTTATCAACTTGGCTGAATGCCTGCGAGCATCCCACCCAAGTGGCACCGAGTCGGTGC,GAACTCCATCagcCA,CTCGCTGTCCTTCA,TACTCTAG,CGCGGTTCTATCTAGTTACGCGTTAAACCAACTAGAA,FOXA1_a3_wing2_6_RtoS,CAGCAGGCGCCCAGCAAGATGCTCACGCTGAGCGAGATCTACCAGTGGATCATGGACCTCTTCCCCTATTACCGGCAGAACCAGCAGCGCTGGCAGAACTCCATC(CGC/AGC)CACTCGCTGTCCTTCAATGACTGCTTCGTCAAGGTGGCACGCTCCCCGGACAAGCCGGGCAAGGGCTCCTACTGGACGCTGCACCCGGACTCCGGCAACATGTTCGAGAACGGCTGCTACTTGCGCCGCCAGAAGCGCTTCAAGTGCGAGAAGCAGCCGGGGGCCGGCGGCGGGGGCGGGAGCGGAAGCGGGGGCAGCGGCGCCAAGGGCGGCCCTGAGAGCCGCAAGGACCCCTCTGGC,0.55,CGG,GAACTCCATCagcCACTCGCTGTCCTTCA,PAM_disrupted,5,110,,14,0.57,15,0.53,G,1
417,pegRNA,+,H220Q,ACCGGCAGAACCAGCAGCGC,GTTTAAGAGCTATGCTGGAAACAGCATAGCAAGTTTAAATAAGGCTAGTCCGTTATCAACTTGGCTGAATGCCTGCGAGCATCCCACCCAAGTGGCACCGAGTCGGTGC,AGGACAGCGActgGCGGATGGAGTTCTGCCAGCG,CTGCTGGTTCTGCC,TTTCACGA,CGCGGTTCTATCTAGTTACGCGTTAAACCAACTAGAA,FOXA1_a3_wing2_7_HtoQ,CAGCAGGCGCCCAGCAAGATGCTCACGCTGAGCGAGATCTACCAGTGGATCATGGACCTCTTCCCCTATTACCGGCAGAACCAGCAGCGCTGGCAGAACTCCATCCGC(CAC/CAG)TCGCTGTCCTTCAATGACTGCTTCGTCAAGGTGGCACGCTCCCCGGACAAGCCGGGCAAGGGCTCCTACTGGACGCTGCACCCGGACTCCGGCAACATGTTCGAGAACGGCTGCTACTTGCGCCGCCAGAAGCGCTTCAAGTGCGAGAAGCAGCCGGGGGCCGGCGGCGGGGGCGGGAGCGGAAGCGGGGGCAGCGGCGCCAAGGGCGGCCCTGAGAGCCGCAAGGACCCCTCTGGC,0.7,TGG,AGGACAGCGActgGCGGATGGAGTTCTGCCAGCGCTGCTGGTTCTGCC,PAM_intact,24,87,,14,0.64,34,0.65,A,1
341,pegRNA,-,R219C,AGTCATTGAAGGACAGCGAG,GTTTAAGAGCTATGCTGGAAACAGCATAGCAAGTTTAAATAAGGCTAGTCCGTTATCAACTTGGCTGAATGCCTGCGAGCATCCCACCCAAGTGGCACCGAGTCGGTGC,GAACTCCATCtgtCACTC,GCTGTCCTTCAATG,TGTCAAAC,CGCGGTTCTATCTAGTTACGCGTTAAACCAACTAGAA,FOXA1_a3_wing2_6_RtoC,CAGCAGGCGCCCAGCAAGATGCTCACGCTGAGCGAGATCTACCAGTGGATCATGGACCTCTTCCCCTATTACCGGCAGAACCAGCAGCGCTGGCAGAACTCCATC(CGC/TGC)CACTCGCTGTCCTTCAATGACTGCTTCGTCAAGGTGGCACGCTCCCCGGACAAGCCGGGCAAGGGCTCCTACTGGACGCTGCACCCGGACTCCGGCAACATGTTCGAGAACGGCTGCTACTTGCGCCGCCAGAAGCGCTTCAAGTGCGAGAAGCAGCCGGGGGCCGGCGGCGGGGGCGGGAGCGGAAGCGGGGGCAGCGGCGCCAAGGGCGGCCCTGAGAGCCGCAAGGACCCCTCTGGC,0.5,TGG-to-tga,GAACTCCATCtgtCACTCGCTGTCCTTCAATG,PAM_disrupted_silent_mutation,8,113,,14,0.5,18,0.5,G,1
589,pegRNA,-,F224L,CTTGACGAAGCAGTCATTGA,GTTTAAGAGCTATGCTGGAAACAGCATAGCAAGTTTAAATAAGGCTAGTCCGTTATCAACTTGGCTGAATGCCTGCGAGCATCCCACCCAAGTGGCACCGAGTCGGTGC,CTCGCTGagcctgA,ATGACTGCTTCGTC,TACTACTG,CGCGGTTCTATCTAGTTACGCGTTAAACCAACTAGAA,FOXA1_a3_wing2_11_FtoL,CAGCAGGCGCCCAGCAAGATGCTCACGCTGAGCGAGATCTACCAGTGGATCATGGACCTCTTCCCCTATTACCGGCAGAACCAGCAGCGCTGGCAGAACTCCATCCGCCACTCGCTGTCC(TTC/CTG)AATGACTGCTTCGTCAAGGTGGCACGCTCCCCGGACAAGCCGGGCAAGGGCTCCTACTGGACGCTGCACCCGGACTCCGGCAACATGTTCGAGAACGGCTGCTACTTGCGCCGCCAGAAGCGCTTCAAGTGCGAGAAGCAGCCGGGGGCCGGCGGCGGGGGCGGGAGCGGAAGCGGGGGCAGCGGCGCCAAGGGCGGCCCTGAGAGCCGCAAGGACCCCTCTGGC,0.45,AGG-to-ggc,CTCGCTGagcctgAATGACTGCTTCGTC,PAM_disrupted_silent_mutation,4,124,,14,0.5,14,0.64,C,2
1181,pegRNA,-,S234C,AGCCCTTGCCCGGCTTGTCC,GTTTAAGAGCTATGCTGGAAACAGCATAGCAAGTTTAAATAAGGCTAGTCCGTTATCAACTTGGCTGAATGCCTGCGAGCATCCCACCCAAGTGGCACCGAGTCGGTGC,GGTGGCACGCtgtCCGGA,CAAGCCGGGCAAGG,AAAGAATA,CGCGGTTCTATCTAGTTACGCGTTAAACCAACTAGAA,FOXA1_a3_wing2_21_StoC,CAGCAGGCGCCCAGCAAGATGCTCACGCTGAGCGAGATCTACCAGTGGATCATGGACCTCTTCCCCTATTACCGGCAGAACCAGCAGCGCTGGCAGAACTCCATCCGCCACTCGCTGTCCTTCAATGACTGCTTCGTCAAGGTGGCACGC(TCC/TGC)CCGGACAAGCCGGGCAAGGGCTCCTACTGGACGCTGCACCCGGACTCCGGCAACATGTTCGAGAACGGCTGCTACTTGCGCCGCCAGAAGCGCTTCAAGTGCGAGAAGCAGCCGGGGGCCGGCGGCGGGGGCGGGAGCGGAAGCGGGGGCAGCGGCGCCAAGGGCGGCCCTGAGAGCCGCAAGGACCCCTCTGGC,0.7,GGG-to-gga,GGTGGCACGCtgtCCGGACAAGCCGGGCAAGG,PAM_disrupted_silent_mutation,8,158,,14,0.71,18,0.72,G,1
1008,pegRNA,-,V231L,GCCCTTGCCCGGCTTGTCCG,GTTTAAGAGCTATGCTGGAAACAGCATAGCAAGTTTAAATAAGGCTAGTCCGTTATCAACTTGGCTGAATGCCTGCGAGCATCCCACCCAAGTGGCACCGAGTCGGTGC,CTTCGTCAAGctgGCACGCagcCCGG,ACAAGCCGGGCAAG,ATAATACA,CGCGGTTCTATCTAGTTACGCGTTAAACCAACTAGAA,FOXA1_a3_wing2_18_VtoL,CAGCAGGCGCCCAGCAAGATGCTCACGCTGAGCGAGATCTACCAGTGGATCATGGACCTCTTCCCCTATTACCGGCAGAACCAGCAGCGCTGGCAGAACTCCATCCGCCACTCGCTGTCCTTCAATGACTGCTTCGTCAAG(GTG/CTG)GCACGCTCCCCGGACAAGCCGGGCAAGGGCTCCTACTGGACGCTGCACCCGGACTCCGGCAACATGTTCGAGAACGGCTGCTACTTGCGCCGCCAGAAGCGCTTCAAGTGCGAGAAGCAGCCGGGGGCCGGCGGCGGGGGCGGGAGCGGAAGCGGGGGCAGCGGCGCCAAGGGCGGCCCTGAGAGCCGCAAGGACCCCTCTGGC,0.75,GGG-to-ggc,CTTCGTCAAGctgGCACGCagcCCGGACAAGCCGGGCAAG,PAM_disrupted_silent_mutation,16,157,,14,0.64,26,0.69,C,1
870,pegRNA,-,V229I,GAGCCCTTGCCCGGCTTGTC,GTTTAAGAGCTATGCTGGAAACAGCATAGCAAGTTTAAATAAGGCTAGTCCGTTATCAACTTGGCTGAATGCCTGCGAGCATCCCACCCAAGTGGCACCGAGTCGGTGC,TGACTGCTTCatcAAGGTGGCACGCTCCCCGGAC,AAGCCGGGCAAGGG,AAACAATA,CGCGGTTCTATCTAGTTACGCGTTAAACCAACTAGAA,FOXA1_a3_wing2_16_VtoI,CAGCAGGCGCCCAGCAAGATGCTCACGCTGAGCGAGATCTACCAGTGGATCATGGACCTCTTCCCCTATTACCGGCAGAACCAGCAGCGCTGGCAGAACTCCATCCGCCACTCGCTGTCCTTCAATGACTGCTTC(GTC/ATC)AAGGTGGCACGCTCCCCGGACAAGCCGGGCAAGGGCTCCTACTGGACGCTGCACCCGGACTCCGGCAACATGTTCGAGAACGGCTGCTACTTGCGCCGCCAGAAGCGCTTCAAGTGCGAGAAGCAGCCGGGGGCCGGCGGCGGGGGCGGGAGCGGAAGCGGGGGCAGCGGCGCCAAGGGCGGCCCTGAGAGCCGCAAGGACCCCTCTGGC,0.7,CGG,TGACTGCTTCatcAAGGTGGCACGCTCCCCGGACAAGCCGGGCAAGGG,PAM_intact,24,159,,14,0.71,34,0.62,T,1
1031,pegRNA,+,A232V,CTTCAATGACTGCTTCGTCA,GTTTAAGAGCTATGCTGGAAACAGCATAGCAAGTTTAAATAAGGCTAGTCCGTTATCAACTTGGCTGAATGCCTGCGAGCATCCCACCCAAGTGGCACCGAGTCGGTGC,CCGGGGAGCGcacCACtttGA,CGAAGCAGTCATTG,CCAACATA,CGCGGTTCTATCTAGTTACGCGTTAAACCAACTAGAA,FOXA1_a3_wing2_19_AtoV,CAGCAGGCGCCCAGCAAGATGCTCACGCTGAGCGAGATCTACCAGTGGATCATGGACCTCTTCCCCTATTACCGGCAGAACCAGCAGCGCTGGCAGAACTCCATCCGCCACTCGCTGTCCTTCAATGACTGCTTCGTCAAGGTG(GCA/GTG)CGCTCCCCGGACAAGCCGGGCAAGGGCTCCTACTGGACGCTGCACCCGGACTCCGGCAACATGTTCGAGAACGGCTGCTACTTGCGCCGCCAGAAGCGCTTCAAGTGCGAGAAGCAGCCGGGGGCCGGCGGCGGGGGCGGGAGCGGAAGCGGGGGCAGCGGCGCCAAGGGCGGCCCTGAGAGCCGCAAGGACCCCTCTGGC,0.45,AGG-to-aag,CCGGGGAGCGcacCACtttGACGAAGCAGTCATTG,PAM_disrupted_silent_mutation,11,136,,14,0.5,21,0.67,C,1
1191,pegRNA,+,S234F,CAATGACTGCTTCGTCAAGG,GTTTAAGAGCTATGCTGGAAACAGCATAGCAAGTTTAAATAAGGCTAGTCCGTTATCAACTTGGCTGAATGCCTGCGAGCATCCCACCCAAGTGGCACCGAGTCGGTGC,GCTTGTCCGGgaaGCGTGCgacCT,TGACGAAGCAGTCA,GATTAAAT,CGCGGTTCTATCTAGTTACGCGTTAAACCAACTAGAA,FOXA1_a3_wing2_21_StoF,CAGCAGGCGCCCAGCAAGATGCTCACGCTGAGCGAGATCTACCAGTGGATCATGGACCTCTTCCCCTATTACCGGCAGAACCAGCAGCGCTGGCAGAACTCCATCCGCCACTCGCTGTCCTTCAATGACTGCTTCGTCAAGGTGGCACGC(TCC/TTC)CCGGACAAGCCGGGCAAGGGCTCCTACTGGACGCTGCACCCGGACTCCGGCAACATGTTCGAGAACGGCTGCTACTTGCGCCGCCAGAAGCGCTTCAAGTGCGAGAAGCAGCCGGGGGCCGGCGGCGGGGGCGGGAGCGGAAGCGGGGGCAGCGGCGCCAAGGGCGGCCCTGAGAGCCGCAAGGACCCCTCTGGC,0.5,TGG-to-tcg,GCTTGTCCGGgaaGCGTGCgacCTTGACGAAGCAGTCA,PAM_disrupted_silent_mutation,14,139,,14,0.5,24,0.67,G,1
1282,pegRNA,+,D236N,CGTCAAGGTGGCACGCTCCC,GTTTAAGAGCTATGCTGGAAACAGCATAGCAAGTTTAAATAAGGCTAGTCCGTTATCAACTTGGCTGAATGCCTGCGAGCATCCCACCCAAGTGGCACCGAGTCGGTGC,TGCCCGGCTTgttCGGGG,AGCGTGCCACCTTG,AATTAATA,CGCGGTTCTATCTAGTTACGCGTTAAACCAACTAGAA,FOXA1_a3_wing2_23_DtoN,CAGCAGGCGCCCAGCAAGATGCTCACGCTGAGCGAGATCTACCAGTGGATCATGGACCTCTTCCCCTATTACCGGCAGAACCAGCAGCGCTGGCAGAACTCCATCCGCCACTCGCTGTCCTTCAATGACTGCTTCGTCAAGGTGGCACGCTCCCCG(GAC/AAC)AAGCCGGGCAAGGGCTCCTACTGGACGCTGCACCCGGACTCCGGCAACATGTTCGAGAACGGCTGCTACTTGCGCCGCCAGAAGCGCTTCAAGTGCGAGAAGCAGCCGGGGGCCGGCGGCGGGGGCGGGAGCGGAAGCGGGGGCAGCGGCGCCAAGGGCGGCCCTGAGAGCCGCAAGGACCCCTCTGGC,0.7,CGG,TGCCCGGCTTgttCGGGGAGCGTGCCACCTTG,PAM_disrupted,8,151,,14,0.64,18,0.72,T,1
1723,pegRNA,-,Y243C,GTCCGGGTGCAGCGTCCAGT,GTTTAAGAGCTATGCTGGAAACAGCATAGCAAGTTTAAATAAGGCTAGTCCGTTATCAACTTGGCTGAATGCCTGCGAGCATCCCACCCAAGTGGCACCGAGTCGGTGC,CAAGGGCagctgcT,GGACGCTGCACCCG,TAGTAATA,CGCGGTTCTATCTAGTTACGCGTTAAACCAACTAGAA,FOXA1_a3_wing2_30_YtoC,CAGCAGGCGCCCAGCAAGATGCTCACGCTGAGCGAGATCTACCAGTGGATCATGGACCTCTTCCCCTATTACCGGCAGAACCAGCAGCGCTGGCAGAACTCCATCCGCCACTCGCTGTCCTTCAATGACTGCTTCGTCAAGGTGGCACGCTCCCCGGACAAGCCGGGCAAGGGCTCC(TAC/TGC)TGGACGCTGCACCCGGACTCCGGCAACATGTTCGAGAACGGCTGCTACTTGCGCCGCCAGAAGCGCTTCAAGTGCGAGAAGCAGCCGGGGGCCGGCGGCGGGGGCGGGAGCGGAAGCGGGGGCAGCGGCGCCAAGGGCGGCCCTGAGAGCCGCAAGGACCCCTCTGGC,0.7,AGG-to-agc,CAAGGGCagctgcTGGACGCTGCACCCG,PAM_disrupted_silent_mutation,4,181,,14,0.79,14,0.64,C,2
1400,pegRNA,-,P238S,GTCCAGTAGGAGCCCTTGCC,GTTTAAGAGCTATGCTGGAAACAGCATAGCAAGTTTAAATAAGGCTAGTCCGTTATCAACTTGGCTGAATGCCTGCGAGCATCCCACCCAAGTGGCACCGAGTCGGTGC,CCCGGACAAGagcGGC,AAGGGCTCCTACTG,AAATCTAG,CGCGGTTCTATCTAGTTACGCGTTAAACCAACTAGAA,FOXA1_a3_wing2_25_PtoS,CAGCAGGCGCCCAGCAAGATGCTCACGCTGAGCGAGATCTACCAGTGGATCATGGACCTCTTCCCCTATTACCGGCAGAACCAGCAGCGCTGGCAGAACTCCATCCGCCACTCGCTGTCCTTCAATGACTGCTTCGTCAAGGTGGCACGCTCCCCGGACAAG(CCG/AGC)GGCAAGGGCTCCTACTGGACGCTGCACCCGGACTCCGGCAACATGTTCGAGAACGGCTGCTACTTGCGCCGCCAGAAGCGCTTCAAGTGCGAGAAGCAGCCGGGGGCCGGCGGCGGGGGCGGGAGCGGAAGCGGGGGCAGCGGCGCCAAGGGCGGCCCTGAGAGCCGCAAGGACCCCTCTGGC,0.65,CGG,CCCGGACAAGagcGGCAAGGGCTCCTACTG,PAM_disrupted,6,168,,14,0.57,16,0.75,C,1
1665,pegRNA,+,S242Y,GGCACGCTCCCCGGACAAGC,GTTTAAGAGCTATGCTGGAAACAGCATAGCAAGTTTAAATAAGGCTAGTCCGTTATCAACTTGGCTGAATGCCTGCGAGCATCCCACCCAAGTGGCACCGAGTCGGTGC,GCGTCCAGTAgtaGCCCTTGCCgggCT,TGTCCGGGGAGCGT,AATAAGAA,CGCGGTTCTATCTAGTTACGCGTTAAACCAACTAGAA,FOXA1_a3_wing2_29_StoY,CAGCAGGCGCCCAGCAAGATGCTCACGCTGAGCGAGATCTACCAGTGGATCATGGACCTCTTCCCCTATTACCGGCAGAACCAGCAGCGCTGGCAGAACTCCATCCGCCACTCGCTGTCCTTCAATGACTGCTTCGTCAAGGTGGCACGCTCCCCGGACAAGCCGGGCAAGGGC(TCC/TAC)TACTGGACGCTGCACCCGGACTCCGGCAACATGTTCGAGAACGGCTGCTACTTGCGCCGCCAGAAGCGCTTCAAGTGCGAGAAGCAGCCGGGGGCCGGCGGCGGGGGCGGGAGCGGAAGCGGGGGCAGCGGCGCCAAGGGCGGCCCTGAGAGCCGCAAGGACCCCTCTGGC,0.75,CGG-to-ccg,GCGTCCAGTAgtaGCCCTTGCCgggCTTGTCCGGGGAGCGT,PAM_disrupted_silent_mutation,17,160,,14,0.71,27,0.67,G,1
1444,pegRNA,+,G239D,GCACGCTCCCCGGACAAGCC,GTTTAAGAGCTATGCTGGAAACAGCATAGCAAGTTTAAATAAGGCTAGTCCGTTATCAACTTGGCTGAATGCCTGCGAGCATCCCACCCAAGTGGCACCGAGTCGGTGC,AGGAGCCCTTgtcCGGC,TTGTCCGGGGAGCG,AATATTAT,CGCGGTTCTATCTAGTTACGCGTTAAACCAACTAGAA,FOXA1_a3_wing2_26_GtoD,CAGCAGGCGCCCAGCAAGATGCTCACGCTGAGCGAGATCTACCAGTGGATCATGGACCTCTTCCCCTATTACCGGCAGAACCAGCAGCGCTGGCAGAACTCCATCCGCCACTCGCTGTCCTTCAATGACTGCTTCGTCAAGGTGGCACGCTCCCCGGACAAGCCG(GGC/GAC)AAGGGCTCCTACTGGACGCTGCACCCGGACTCCGGCAACATGTTCGAGAACGGCTGCTACTTGCGCCGCCAGAAGCGCTTCAAGTGCGAGAAGCAGCCGGGGGCCGGCGGCGGGGGCGGGAGCGGAAGCGGGGGCAGCGGCGCCAAGGGCGGCCCTGAGAGCCGCAAGGACCCCTCTGGC,0.75,GGG,AGGAGCCCTTgtcCGGCTTGTCCGGGGAGCG,PAM_disrupted,7,161,,14,0.71,17,0.71,A,1
1977,pegRNA,+,H247Q,CTCCCCGGACAAGCCGGGCA,GTTTAAGAGCTATGCTGGAAACAGCATAGCAAGTTTAAATAAGGCTAGTCCGTTATCAACTTGGCTGAATGCCTGCGAGCATCCCACCCAAGTGGCACCGAGTCGGTGC,CGGAGTCCGGctgCAGCGTCCAGTAGGAGCCtttGC,CCGGCTTGTCCGGG,ATATACAC,CGCGGTTCTATCTAGTTACGCGTTAAACCAACTAGAA,FOXA1_a3_wing2_34_HtoQ,CAGCAGGCGCCCAGCAAGATGCTCACGCTGAGCGAGATCTACCAGTGGATCATGGACCTCTTCCCCTATTACCGGCAGAACCAGCAGCGCTGGCAGAACTCCATCCGCCACTCGCTGTCCTTCAATGACTGCTTCGTCAAGGTGGCACGCTCCCCGGACAAGCCGGGCAAGGGCTCCTACTGGACGCTG(CAC/CAG)CCGGACTCCGGCAACATGTTCGAGAACGGCTGCTACTTGCGCCGCCAGAAGCGCTTCAAGTGCGAGAAGCAGCCGGGGGCCGGCGGCGGGGGCGGGAGCGGAAGCGGGGGCAGCGGCGCCAAGGGCGGCCCTGAGAGCCGCAAGGACCCCTCTGGC,0.75,AGG-to-aag,CGGAGTCCGGctgCAGCGTCCAGTAGGAGCCtttGCCCGGCTTGTCCGGG,PAM_disrupted_silent_mutation,26,166,,14,0.79,36,0.67,C,2
1600,pegRNA,+,G241C,TCCCCGGACAAGCCGGGCAA,GTTTAAGAGCTATGCTGGAAACAGCATAGCAAGTTTAAATAAGGCTAGTCCGTTATCAACTTGGCTGAATGCCTGCGAGCATCCCACCCAAGTGGCACCGAGTCGGTGC,TCCAGTAGGAgcaCTTG,CCCGGCTTGTCCGG,ATCACCAA,CGCGGTTCTATCTAGTTACGCGTTAAACCAACTAGAA,FOXA1_a3_wing2_28_GtoC,CAGCAGGCGCCCAGCAAGATGCTCACGCTGAGCGAGATCTACCAGTGGATCATGGACCTCTTCCCCTATTACCGGCAGAACCAGCAGCGCTGGCAGAACTCCATCCGCCACTCGCTGTCCTTCAATGACTGCTTCGTCAAGGTGGCACGCTCCCCGGACAAGCCGGGCAAG(GGC/TGC)TCCTACTGGACGCTGCACCCGGACTCCGGCAACATGTTCGAGAACGGCTGCTACTTGCGCCGCCAGAAGCGCTTCAAGTGCGAGAAGCAGCCGGGGGCCGGCGGCGGGGGCGGGAGCGGAAGCGGGGGCAGCGGCGCCAAGGGCGGCCCTGAGAGCCGCAAGGACCCCTCTGGC,0.7,GGG,TCCAGTAGGAgcaCTTGCCCGGCTTGTCCGG,PAM_disrupted,7,167,,14,0.79,17,0.53,T,1
1780,pegRNA,+,W244C,AGCCGGGCAAGGGCTCCTAC,GTTTAAGAGCTATGCTGGAAACAGCATAGCAAGTTTAAATAAGGCTAGTCCGTTATCAACTTGGCTGAATGCCTGCGAGCATCCCACCCAAGTGGCACCGAGTCGGTGC,GGTGCAGCGTgcaGTA,GGAGCCCTTGCCCG,AATATAAG,CGCGGTTCTATCTAGTTACGCGTTAAACCAACTAGAA,FOXA1_a3_wing2_31_WtoC,CAGCAGGCGCCCAGCAAGATGCTCACGCTGAGCGAGATCTACCAGTGGATCATGGACCTCTTCCCCTATTACCGGCAGAACCAGCAGCGCTGGCAGAACTCCATCCGCCACTCGCTGTCCTTCAATGACTGCTTCGTCAAGGTGGCACGCTCCCCGGACAAGCCGGGCAAGGGCTCCTAC(TGG/TGC)ACGCTGCACCCGGACTCCGGCAACATGTTCGAGAACGGCTGCTACTTGCGCCGCCAGAAGCGCTTCAAGTGCGAGAAGCAGCCGGGGGCCGGCGGCGGGGGCGGGAGCGGAAGCGGGGGCAGCGGCGCCAAGGGCGGCCCTGAGAGCCGCAAGGACCCCTCTGGC,0.7,TGG,GGTGCAGCGTgcaGTAGGAGCCCTTGCCCG,PAM_disrupted,6,177,,14,0.79,16,0.62,G,1
1936,pegRNA,-,H247R,CGAACATGTTGCCGGAGTCC,GTTTAAGAGCTATGCTGGAAACAGCATAGCAAGTTTAAATAAGGCTAGTCCGTTATCAACTTGGCTGAATGCCTGCGAGCATCCCACCCAAGTGGCACCGAGTCGGTGC,CTGGACGCTGcggCCGGA,CTCCGGCAACATGT,AAATTAAT,CGCGGTTCTATCTAGTTACGCGTTAAACCAACTAGAA,FOXA1_a3_wing2_34_HtoR,CAGCAGGCGCCCAGCAAGATGCTCACGCTGAGCGAGATCTACCAGTGGATCATGGACCTCTTCCCCTATTACCGGCAGAACCAGCAGCGCTGGCAGAACTCCATCCGCCACTCGCTGTCCTTCAATGACTGCTTCGTCAAGGTGGCACGCTCCCCGGACAAGCCGGGCAAGGGCTCCTACTGGACGCTG(CAC/CGG)CCGGACTCCGGCAACATGTTCGAGAACGGCTGCTACTTGCGCCGCCAGAAGCGCTTCAAGTGCGAGAAGCAGCCGGGGGCCGGCGGCGGGGGCGGGAGCGGAAGCGGGGGCAGCGGCGCCAAGGGCGGCCCTGAGAGCCGCAAGGACCCCTCTGGC,0.6,GGG,CTGGACGCTGcggCCGGACTCCGGCAACATGT,PAM_disrupted,8,197,,14,0.57,18,0.78,C,2
2149,pegRNA,-,S250F,GCCGTTCTCGAACATGTTGC,GTTTAAGAGCTATGCTGGAAACAGCATAGCAAGTTTAAATAAGGCTAGTCCGTTATCAACTTGGCTGAATGCCTGCGAGCATCCCACCCAAGTGGCACCGAGTCGGTGC,GCACCCGGACttcGGCA,ACATGTTCGAGAAC,TAATTAAA,CGCGGTTCTATCTAGTTACGCGTTAAACCAACTAGAA,FOXA1_a3_wing2_37_StoF,CAGCAGGCGCCCAGCAAGATGCTCACGCTGAGCGAGATCTACCAGTGGATCATGGACCTCTTCCCCTATTACCGGCAGAACCAGCAGCGCTGGCAGAACTCCATCCGCCACTCGCTGTCCTTCAATGACTGCTTCGTCAAGGTGGCACGCTCCCCGGACAAGCCGGGCAAGGGCTCCTACTGGACGCTGCACCCGGAC(TCC/TTC)GGCAACATGTTCGAGAACGGCTGCTACTTGCGCCGCCAGAAGCGCTTCAAGTGCGAGAAGCAGCCGGGGGCCGGCGGCGGGGGCGGGAGCGGAAGCGGGGGCAGCGGCGCCAAGGGCGGCCCTGAGAGCCGCAAGGACCCCTCTGGC,0.55,CGG,GCACCCGGACttcGGCAACATGTTCGAGAAC,PAM_disrupted,7,205,,14,0.43,17,0.71,G,2
2037,pegRNA,-,P248Q,TCGAACATGTTGCCGGAGTC,GTTTAAGAGCTATGCTGGAAACAGCATAGCAAGTTTAAATAAGGCTAGTCCGTTATCAACTTGGCTGAATGCCTGCGAGCATCCCACCCAAGTGGCACCGAGTCGGTGC,GACGCTGCACcagGAC,TCCGGCAACATGTT,AATAATTA,CGCGGTTCTATCTAGTTACGCGTTAAACCAACTAGAA,FOXA1_a3_wing2_35_PtoQ,CAGCAGGCGCCCAGCAAGATGCTCACGCTGAGCGAGATCTACCAGTGGATCATGGACCTCTTCCCCTATTACCGGCAGAACCAGCAGCGCTGGCAGAACTCCATCCGCCACTCGCTGTCCTTCAATGACTGCTTCGTCAAGGTGGCACGCTCCCCGGACAAGCCGGGCAAGGGCTCCTACTGGACGCTGCAC(CCG/CAG)GACTCCGGCAACATGTTCGAGAACGGCTGCTACTTGCGCCGCCAGAAGCGCTTCAAGTGCGAGAAGCAGCCGGGGGCCGGCGGCGGGGGCGGGAGCGGAAGCGGGGGCAGCGGCGCCAAGGGCGGCCCTGAGAGCCGCAAGGACCCCTCTGGC,0.55,CGG,GACGCTGCACcagGACTCCGGCAACATGTT,PAM_disrupted,6,198,,14,0.5,16,0.69,G,1
2389,pegRNA,+,F254L,CTCCTACTGGACGCTGCACC,GTTTAAGAGCTATGCTGGAAACAGCATAGCAAGTTTAAATAAGGCTAGTCCGTTATCAACTTGGCTGAATGCCTGCGAGCATCCCACCCAAGTGGCACCGAGTCGGTGC,AGCCGTTCTCcagCATGTTGCCGGAGTCgggGT,GCAGCGTCCAGTAG,AAATAAAT,CGCGGTTCTATCTAGTTACGCGTTAAACCAACTAGAA,FOXA1_a3_wing2_41_FtoL,CAGCAGGCGCCCAGCAAGATGCTCACGCTGAGCGAGATCTACCAGTGGATCATGGACCTCTTCCCCTATTACCGGCAGAACCAGCAGCGCTGGCAGAACTCCATCCGCCACTCGCTGTCCTTCAATGACTGCTTCGTCAAGGTGGCACGCTCCCCGGACAAGCCGGGCAAGGGCTCCTACTGGACGCTGCACCCGGACTCCGGCAACATG(TTC/CTG)GAGAACGGCTGCTACTTGCGCCGCCAGAAGCGCTTCAAGTGCGAGAAGCAGCCGGGGGCCGGCGGCGGGGGCGGGAGCGGAAGCGGGGGCAGCGGCGCCAAGGGCGGCCCTGAGAGCCGCAAGGACCCCTCTGGC,0.65,CGG-to-ccg,AGCCGTTCTCcagCATGTTGCCGGAGTCgggGTGCAGCGTCCAGTAG,PAM_disrupted_silent_mutation,23,190,,14,0.64,33,0.64,A,2
2165,pegRNA,+,G251D,TGGACGCTGCACCCGGACTC,GTTTAAGAGCTATGCTGGAAACAGCATAGCAAGTTTAAATAAGGCTAGTCCGTTATCAACTTGGCTGAATGCCTGCGAGCATCCCACCCAAGTGGCACCGAGTCGGTGC,CGAACATGTTgtcGGAG,TCCGGGTGCAGCGT,AGAATTAC,CGCGGTTCTATCTAGTTACGCGTTAAACCAACTAGAA,FOXA1_a3_wing2_38_GtoD,CAGCAGGCGCCCAGCAAGATGCTCACGCTGAGCGAGATCTACCAGTGGATCATGGACCTCTTCCCCTATTACCGGCAGAACCAGCAGCGCTGGCAGAACTCCATCCGCCACTCGCTGTCCTTCAATGACTGCTTCGTCAAGGTGGCACGCTCCCCGGACAAGCCGGGCAAGGGCTCCTACTGGACGCTGCACCCGGACTCC(GGC/GAC)AACATGTTCGAGAACGGCTGCTACTTGCGCCGCCAGAAGCGCTTCAAGTGCGAGAAGCAGCCGGGGGCCGGCGGCGGGGGCGGGAGCGGAAGCGGGGGCAGCGGCGCCAAGGGCGGCCCTGAGAGCCGCAAGGACCCCTCTGGC,0.7,CGG,CGAACATGTTgtcGGAGTCCGGGTGCAGCGT,PAM_disrupted,7,197,,14,0.71,17,0.53,C,1
2800,pegRNA,-,R261C,CGCACTTGAAGCGCTTCTGG,GTTTAAGAGCTATGCTGGAAACAGCATAGCAAGTTTAAATAAGGCTAGTCCGTTATCAACTTGGCTGAATGCCTGCGAGCATCCCACCCAAGTGGCACCGAGTCGGTGC,CTGCTACTTGtgtCGCCA,GAAGCGCTTCAAGT,TAAACCTT,CGCGGTTCTATCTAGTTACGCGTTAAACCAACTAGAA,FOXA1_a3_wing2_48_RtoC,CAGCAGGCGCCCAGCAAGATGCTCACGCTGAGCGAGATCTACCAGTGGATCATGGACCTCTTCCCCTATTACCGGCAGAACCAGCAGCGCTGGCAGAACTCCATCCGCCACTCGCTGTCCTTCAATGACTGCTTCGTCAAGGTGGCACGCTCCCCGGACAAGCCGGGCAAGGGCTCCTACTGGACGCTGCACCCGGACTCCGGCAACATGTTCGAGAACGGCTGCTACTTG(CGC/TGC)CGCCAGAAGCGCTTCAAGTGCGAGAAGCAGCCGGGGGCCGGCGGCGGGGGCGGGAGCGGAAGCGGGGGCAGCGGCGCCAAGGGCGGCCCTGAGAGCCGCAAGGACCCCTCTGGC,0.6,CGG-to-cga,CTGCTACTTGtgtCGCCAGAAGCGCTTCAAGT,PAM_disrupted_silent_mutation,8,239,,14,0.5,18,0.56,C,2
2816,pegRNA,-,R261H,TCTCGCACTTGAAGCGCTTC,GTTTAAGAGCTATGCTGGAAACAGCATAGCAAGTTTAAATAAGGCTAGTCCGTTATCAACTTGGCTGAATGCCTGCGAGCATCCCACCCAAGTGGCACCGAGTCGGTGC,CTGCTACTTGcaccggCAGAA,GCGCTTCAAGTGCG,TTTGCAAA,CGCGGTTCTATCTAGTTACGCGTTAAACCAACTAGAA,FOXA1_a3_wing2_48_RtoH,CAGCAGGCGCCCAGCAAGATGCTCACGCTGAGCGAGATCTACCAGTGGATCATGGACCTCTTCCCCTATTACCGGCAGAACCAGCAGCGCTGGCAGAACTCCATCCGCCACTCGCTGTCCTTCAATGACTGCTTCGTCAAGGTGGCACGCTCCCCGGACAAGCCGGGCAAGGGCTCCTACTGGACGCTGCACCCGGACTCCGGCAACATGTTCGAGAACGGCTGCTACTTG(CGC/CAC)CGCCAGAAGCGCTTCAAGTGCGAGAAGCAGCCGGGGGCCGGCGGCGGGGGCGGGAGCGGAAGCGGGGGCAGCGGCGCCAAGGGCGGCCCTGAGAGCCGCAAGGACCCCTCTGGC,0.55,TGG-to-tgc,CTGCTACTTGcaccggCAGAAGCGCTTCAAGTGCG,PAM_disrupted_silent_mutation,11,242,,14,0.64,21,0.57,C,2
3111,pegRNA,+,F266L,TCCGGCAACATGTTCGAGAA,GTTTAAGAGCTATGCTGGAAACAGCATAGCAAGTTTAAATAAGGCTAGTCCGTTATCAACTTGGCTGAATGCCTGCGAGCATCCCACCCAAGTGGCACCGAGTCGGTGC,TCTCGCACTTcagGCGCTTCTGGCGGCGCAAGTAGCAGCCGTTC,TCGAACATGTTGCC,AATACCAC,CGCGGTTCTATCTAGTTACGCGTTAAACCAACTAGAA,FOXA1_a3_wing2_53_FtoL,CAGCAGGCGCCCAGCAAGATGCTCACGCTGAGCGAGATCTACCAGTGGATCATGGACCTCTTCCCCTATTACCGGCAGAACCAGCAGCGCTGGCAGAACTCCATCCGCCACTCGCTGTCCTTCAATGACTGCTTCGTCAAGGTGGCACGCTCCCCGGACAAGCCGGGCAAGGGCTCCTACTGGACGCTGCACCCGGACTCCGGCAACATGTTCGAGAACGGCTGCTACTTGCGCCGCCAGAAGCGC(TTC/CTG)AAGTGCGAGAAGCAGCCGGGGGCCGGCGGCGGGGGCGGGAGCGGAAGCGGGGGCAGCGGCGCCAAGGGCGGCCCTGAGAGCCGCAAGGACCCCTCTGGC,0.5,CGG,TCTCGCACTTcagGCGCTTCTGGCGGCGCAAGTAGCAGCCGTTCTCGAACATGTTGCC,PAM_intact,34,215,,14,0.5,44,0.64,T,4
3256,pegRNA,-,E269Q,CCGCCCCCGCCGCCGGCCCC,GTTTAAGAGCTATGCTGGAAACAGCATAGCAAGTTTAAATAAGGCTAGTCCGTTATCAACTTGGCTGAATGCCTGCGAGCATCCCACCCAAGTGGCACCGAGTCGGTGC,CTTCAAGTGCcagAAGCAGCCGGGG,GCCGGCGGCGGGGG,AAATAATT,CGCGGTTCTATCTAGTTACGCGTTAAACCAACTAGAA,FOXA1_a3_wing2_56_EtoQ,CAGCAGGCGCCCAGCAAGATGCTCACGCTGAGCGAGATCTACCAGTGGATCATGGACCTCTTCCCCTATTACCGGCAGAACCAGCAGCGCTGGCAGAACTCCATCCGCCACTCGCTGTCCTTCAATGACTGCTTCGTCAAGGTGGCACGCTCCCCGGACAAGCCGGGCAAGGGCTCCTACTGGACGCTGCACCCGGACTCCGGCAACATGTTCGAGAACGGCTGCTACTTGCGCCGCCAGAAGCGCTTCAAGTGC(GAG/CAG)AAGCAGCCGGGGGCCGGCGGCGGGGGCGGGAGCGGAAGCGGGGGCAGCGGCGCCAAGGGCGGCCCTGAGAGCCGCAAGGACCCCTCTGGC,1,CGG,CTTCAAGTGCcagAAGCAGCCGGGGGCCGGCGGCGGGGG,PAM_intact,15,270,,14,1,25,0.64,C,1
3172,pegRNA,-,K267Q,TCCGCTCCCGCCCCCGCCGC,GTTTAAGAGCTATGCTGGAAACAGCATAGCAAGTTTAAATAAGGCTAGTCCGTTATCAACTTGGCTGAATGCCTGCGAGCATCCCACCCAAGTGGCACCGAGTCGGTGC,GAAGCGCTTCcagTGCGAGAAGCAGCCGGGGgctGGCG,GCGGGGGCGGGAGC,AATATATT,CGCGGTTCTATCTAGTTACGCGTTAAACCAACTAGAA,FOXA1_a3_wing2_54_KtoQ,CAGCAGGCGCCCAGCAAGATGCTCACGCTGAGCGAGATCTACCAGTGGATCATGGACCTCTTCCCCTATTACCGGCAGAACCAGCAGCGCTGGCAGAACTCCATCCGCCACTCGCTGTCCTTCAATGACTGCTTCGTCAAGGTGGCACGCTCCCCGGACAAGCCGGGCAAGGGCTCCTACTGGACGCTGCACCCGGACTCCGGCAACATGTTCGAGAACGGCTGCTACTTGCGCCGCCAGAAGCGCTTC(AAG/CAG)TGCGAGAAGCAGCCGGGGGCCGGCGGCGGGGGCGGGAGCGGAAGCGGGGGCAGCGGCGCCAAGGGCGGCCCTGAGAGCCGCAAGGACCCCTCTGGC,0.9,CGG-to-cag,GAAGCGCTTCcagTGCGAGAAGCAGCCGGGGgctGGCGGCGGGGGCGGGAGC,PAM_disrupted_silent_mutation,28,277,,14,0.93,38,0.71,G,1