pegRNA_numbers,Strand,Edits,Spacer_sequence,PBS_sequence,AA_numbers,AA_numbers_min,AA_numbers_max,AA_numbers_continuous,Priority_mut
"[2, 5, 8, 11, 14, 17, 20, 23, 26, 29, 32, 35, 38, 41, 44, 47, 50, 53, 56, 59, 61, 64, 67, 70, 73, 76, 79, 82, 85, 88, 91, 94, 97, 100, 103, 106, 109, 112, 115, 118, 121, 124, 127, 130, 133, 136, 139, 142, 145, 148, 151, 154, 157, 160, 163, 166, 169, 172, 175, 178, 181, 184, 187, 190, 193, 196, 199, 202, 205, 208, 211, 214, 217, 220, 223, 226, 229, 232, 235, 238, 241, 244, 247, 250, 253, 256, 259, 262, 265, 268, 271, 274, 277, 280, 283, 286, 289, 292, 295, 298]",-,"['W214G', 'W214E', 'W214D', 'W214V', 'W214A', 'W214R', 'W214S', 'W214K', 'W214N', 'W214M', 'W214I', 'W214T', 'W214X', 'W214C', 'W214Y', 'W214L', 'W214F', 'W214Q', 'W214H', 'W214P', 'Q215G', 'Q215E', 'Q215D', 'Q215V', 'Q215A', 'Q215R', 'Q215S', 'Q215K', 'Q215N', 'Q215M', 'Q215I', 'Q215T', 'Q215W', 'Q215X', 'Q215C', 'Q215Y', 'Q215L', 'Q215F', 'Q215H', 'Q215P', 'N216G', 'N216E', 'N216D', 'N216V', 'N216A', 'N216R', 'N216S', 'N216K', 'N216M', 'N216I', 'N216T', 'N216W', 'N216X', 'N216C', 'N216Y', 'N216L', 'N216F', 'N216Q', 'N216H', 'N216P', 'S217G', 'S217E', 'S217D', 'S217V', 'S217A', 'S217R', 'S217K', 'S217N', 'S217M', 'S217I', 'S217T', 'S217W', 'S217X', 'S217C', 'S217Y', 'S217L', 'S217F', 'S217Q', 'S217H', 'S217P', 'I218G', 'I218E', 'I218D', 'I218V', 'I218A', 'I218R', 'I218S', 'I218K', 'I218N', 'I218M', 'I218T', 'I218W', 'I218X', 'I218C', 'I218Y', 'I218L', 'I218F', 'I218Q', 'I218H', 'I218P']",GAAGGACAGCGAGTGGCGGA,GCCACTCGCTGTCCT,"[214, 215, 216, 217, 218]",214,218,True,I218T
"[3, 6, 9, 12, 15, 18, 21, 24, 27, 30, 33, 36, 39, 42, 45, 48, 51, 54, 57, 60, 62, 65, 68, 71, 74, 77, 80, 83, 86, 89, 92, 95, 98, 101, 104, 107, 110, 113, 116, 119, 122, 125, 128, 131, 134, 137, 140, 143, 146, 149, 152, 155, 158, 161, 164, 167, 170, 173, 176, 179, 182, 185, 188, 191, 194, 197, 200, 203, 206, 209, 212, 215, 218, 221, 224, 227, 230, 233, 236, 239, 242, 245, 248, 251, 254, 257, 260, 263, 266, 269, 272, 275, 278, 281, 284, 287, 290, 293, 296, 299, 301, 304, 307, 310, 313, 316, 319, 322, 325, 328, 331, 334, 337, 340, 343, 346, 349, 352, 355, 358]",-,"['W214G', 'W214E', 'W214D', 'W214V', 'W214A', 'W214R', 'W214S', 'W214K', 'W214N', 'W214M', 'W214I', 'W214T', 'W214X', 'W214C', 'W214Y', 'W214L', 'W214F', 'W214Q', 'W214H', 'W214P', 'Q215G', 'Q215E', 'Q215D', 'Q215V', 'Q215A', 'Q215R', 'Q215S', 'Q215K', 'Q215N', 'Q215M', 'Q215I', 'Q215T', 'Q215W', 'Q215X', 'Q215C', 'Q215Y', 'Q215L', 'Q215F', 'Q215H', 'Q215P', 'N216G', 'N216E', 'N216D', 'N216V', 'N216A', 'N216R', 'N216S', 'N216K', 'N216M', 'N216I', 'N216T', 'N216W', 'N216X', 'N216C', 'N216Y', 'N216L', 'N216F', 'N216Q', 'N216H', 'N216P', 'S217G', 'S217E', 'S217D', 'S217V', 'S217A', 'S217R', 'S217K', 'S217N', 'S217M', 'S217I', 'S217T', 'S217W', 'S217X', 'S217C', 'S217Y', 'S217L', 'S217F', 'S217Q', 'S217H', 'S217P', 'I218G', 'I218E', 'I218D', 'I218V', 'I218A', 'I218R', 'I218S', 'I218K', 'I218N', 'I218M', 'I218T', 'I218W', 'I218X', 'I218C', 'I218Y', 'I218L', 'I218F', 'I218Q', 'I218H', 'I218P', 'R219G', 'R219E', 'R219D', 'R219V', 'R219A', 'R219S', 'R219K', 'R219N', 'R219M', 'R219I', 'R219T', 'R219W', 'R219X', 'R219C', 'R219Y', 'R219L', 'R219F', 'R219Q', 'R219H', 'R219P']",CATTGAAGGACAGCGAGTGG,CTCGCTGTCCTTCAA,"[214, 215, 216, 217, 218, 219]",214,219,True,R219S
"[1, 4, 7, 10, 13, 16, 19, 22, 25, 28, 31, 34, 37, 40, 43, 46, 49, 52, 55, 58, 363, 366, 369, 372, 375, 378, 381, 384, 387, 390, 393, 396, 399, 402, 405, 408, 411, 414, 417, 420, 422, 424, 426, 428, 430, 432, 434, 436, 438, 440, 442, 444, 446, 448, 450, 452, 454, 456, 458, 460, 462, 464, 466, 468, 470, 472, 474, 476, 478, 480, 482, 484, 486, 488, 490, 492, 494, 496, 498, 500, 502, 504, 506, 508, 510, 512, 514, 516, 518, 520, 522, 524, 526, 528, 530, 532, 534, 536, 538, 540]",+,"['W214G', 'W214E', 'W214D', 'W214V', 'W214A', 'W214R', 'W214S', 'W214K', 'W214N', 'W214M', 'W214I', 'W214T', 'W214X', 'W214C', 'W214Y', 'W214L', 'W214F', 'W214Q', 'W214H', 'W214P', 'H220G', 'H220E', 'H220D', 'H220V', 'H220A', 'H220R', 'H220S', 'H220K', 'H220N', 'H220M', 'H220I', 'H220T', 'H220W', 'H220X', 'H220C', 'H220Y', 'H220L', 'H220F', 'H220Q', 'H220P', 'S221G', 'S221E', 'S221D', 'S221V', 'S221A', 'S221R', 'S221K', 'S221N', 'S221M', 'S221I', 'S221T', 'S221W', 'S221X', 'S221C', 'S221Y', 'S221L', 'S221F', 'S221Q', 'S221H', 'S221P', 'L222G', 'L222E', 'L222D', 'L222V', 'L222A', 'L222R', 'L222S', 'L222K', 'L222N', 'L222M', 'L222I', 'L222T', 'L222W', 'L222X', 'L222C', 'L222Y', 'L222F', 'L222Q', 'L222H', 'L222P', 'S223G', 'S223E', 'S223D', 'S223V', 'S223A', 'S223R', 'S223K', 'S223N', 'S223M', 'S223I', 'S223T', 'S223W', 'S223X', 'S223C', 'S223Y', 'S223L', 'S223F', 'S223Q', 'S223H', 'S223P']",ACCGGCAGAACCAGCAGCGC,CTGCTGGTTCTGCCG,"[214, 220, 221, 222, 223]",214,223,False,H220Q
"[63, 66, 69, 72, 75, 78, 81, 84, 87, 90, 93, 96, 99, 102, 105, 108, 111, 114, 117, 120, 123, 126, 129, 132, 135, 138, 141, 144, 147, 150, 153, 156, 159, 162, 165, 168, 171, 174, 177, 180, 183, 186, 189, 192, 195, 198, 201, 204, 207, 210, 213, 216, 219, 222, 225, 228, 231, 234, 237, 240, 243, 246, 249, 252, 255, 258, 261, 264, 267, 270, 273, 276, 279, 282, 285, 288, 291, 294, 297, 300, 302, 305, 308, 311, 314, 317, 320, 323, 326, 329, 332, 335, 338, 341, 344, 347, 350, 353, 356, 359, 361, 364, 367, 370, 373, 376, 379, 382, 385, 388, 391, 394, 397, 400, 403, 406, 409, 412, 415, 418]",-,"['Q215G', 'Q215E', 'Q215D', 'Q215V', 'Q215A', 'Q215R', 'Q215S', 'Q215K', 'Q215N', 'Q215M', 'Q215I', 'Q215T', 'Q215W', 'Q215X', 'Q215C', 'Q215Y', 'Q215L', 'Q215F', 'Q215H', 'Q215P', 'N216G', 'N216E', 'N216D', 'N216V', 'N216A', 'N216R', 'N216S', 'N216K', 'N216M', 'N216I', 'N216T', 'N216W', 'N216X', 'N216C', 'N216Y', 'N216L', 'N216F', 'N216Q', 'N216H', 'N216P', 'S217G', 'S217E', 'S217D', 'S217V', 'S217A', 'S217R', 'S217K', 'S217N', 'S217M', 'S217I', 'S217T', 'S217W', 'S217X', 'S217C', 'S217Y', 'S217L', 'S217F', 'S217Q', 'S217H', 'S217P', 'I218G', 'I218E', 'I218D', 'I218V', 'I218A', 'I218R', 'I218S', 'I218K', 'I218N', 'I218M', 'I218T', 'I218W', 'I218X', 'I218C', 'I218Y', 'I218L', 'I218F', 'I218Q', 'I218H', 'I218P', 'R219G', 'R219E', 'R219D', 'R219V', 'R219A', 'R219S', 'R219K', 'R219N', 'R219M', 'R219I', 'R219T', 'R219W', 'R219X', 'R219C', 'R219Y', 'R219L', 'R219F', 'R219Q', 'R219H', 'R219P', 'H220G', 'H220E', 'H220D', 'H220V', 'H220A', 'H220R', 'H220S', 'H220K', 'H220N', 'H220M', 'H220I', 'H220T', 'H220W', 'H220X', 'H220C', 'H220Y', 'H220L', 'H220F', 'H220Q', 'H220P']",AGTCATTGAAGGACAGCGAG,GCTGTCCTTCAATGA,"[215, 216, 217, 218, 219, 220]",215,220,True,R219C
"[303, 306, 309, 312, 315, 318, 321, 324, 327, 330, 333, 336, 339, 342, 345, 348, 351, 354, 357, 360, 362, 365, 368, 371, 374, 377, 380, 383, 386, 389, 392, 395, 398, 401, 404, 407, 410, 413, 416, 419, 421, 423, 425, 427, 429, 431, 433, 435, 437, 439, 441, 443, 445, 447, 449, 451, 453, 455, 457, 459, 461, 463, 465, 467, 469, 471, 473, 475, 477, 479, 481, 483, 485, 487, 489, 491, 493, 495, 497, 499, 501, 503, 505, 507, 509, 511, 513, 515, 517, 519, 521, 523, 525, 527, 529, 531, 533, 535, 537, 539, 541, 544, 547, 550, 553, 556, 559, 562, 565, 568, 571, 574, 577, 580, 583, 586, 589, 592, 595, 598]",-,"['R219G', 'R219E', 'R219D', 'R219V', 'R219A', 'R219S', 'R219K', 'R219N', 'R219M', 'R219I', 'R219T', 'R219W', 'R219X', 'R219C', 'R219Y', 'R219L', 'R219F', 'R219Q', 'R219H', 'R219P', 'H220G', 'H220E', 'H220D', 'H220V', 'H220A', 'H220R', 'H220S', 'H220K', 'H220N', 'H220M', 'H220I', 'H220T', 'H220W', 'H220X', 'H220C', 'H220Y', 'H220L', 'H220F', 'H220Q', 'H220P', 'S221G', 'S221E', 'S221D', 'S221V', 'S221A', 'S221R', 'S221K', 'S221N', 'S221M', 'S221I', 'S221T', 'S221W', 'S221X', 'S221C', 'S221Y', 'S221L', 'S221F', 'S221Q', 'S221H', 'S221P', 'L222G', 'L222E', 'L222D', 'L222V', 'L222A', 'L222R', 'L222S', 'L222K', 'L222N', 'L222M', 'L222I', 'L222T', 'L222W', 'L222X', 'L222C', 'L222Y', 'L222F', 'L222Q', 'L222H', 'L222P', 'S223G', 'S223E', 'S223D', 'S223V', 'S223A', 'S223R', 'S223K', 'S223N', 'S223M', 'S223I', 'S223T', 'S223W', 'S223X', 'S223C', 'S223Y', 'S223L', 'S223F', 'S223Q', 'S223H', 'S223P', 'F224G', 'F224E', 'F224D', 'F224V', 'F224A', 'F224R', 'F224S', 'F224K', 'F224N', 'F224M', 'F224I', 'F224T', 'F224W', 'F224X', 'F224C', 'F224Y', 'F224L', 'F224Q', 'F224H', 'F224P']",CTTGACGAAGCAGTCATTGA,ATGACTGCTTCGTCA,"[219, 220, 221, 222, 223, 224]",219,224,True,F224L
"[543, 546, 549, 552, 555, 558, 561, 564, 567, 570, 573, 576, 579, 582, 585, 588, 591, 594, 597, 600, 602, 605, 608, 611, 614, 617, 620, 623, 626, 629, 632, 635, 638, 641, 644, 647, 650, 653, 656, 659, 662, 665, 668, 671, 674, 677, 680, 683, 686, 689, 692, 695, 698, 701, 704, 707, 710, 713, 716, 719, 722, 725, 728, 731, 734, 737, 740, 743, 746, 749, 752, 755, 758, 761, 764, 767, 770, 773, 776, 779, 782, 785, 788, 791, 794, 797, 800, 803, 806, 809, 812, 815, 818, 821, 824, 827, 830, 833, 836, 839, 842, 845, 848, 851, 854, 857, 860, 863, 866, 869, 872, 875, 878, 881, 884, 887, 890, 893, 896, 899, 903, 906, 909, 912, 915, 918, 921, 924, 926, 930, 933, 935, 939, 942, 945, 948, 951, 954, 957, 960, 987, 996, 1083, 1086, 1089, 1092, 1095, 1098, 1101, 1104, 1107, 1110, 1113, 1116, 1119, 1122, 1125, 1128, 1131, 1134, 1137, 1140, 1142, 1145, 1148, 1151, 1154, 1157, 1160, 1163, 1166, 1169, 1172, 1175, 1178, 1181, 1184, 1187, 1190, 1193, 1196, 1199, 1203, 1206, 1209, 1212, 1215, 1218, 1221, 1224, 1227, 1229, 1233, 1236, 1238, 1242, 1245, 1248, 1251, 1254, 1257, 1260]",-,"['F224G', 'F224E', 'F224D', 'F224V', 'F224A', 'F224R', 'F224S', 'F224K', 'F224N', 'F224M', 'F224I', 'F224T', 'F224W', 'F224X', 'F224C', 'F224Y', 'F224L', 'F224Q', 'F224H', 'F224P', 'N225G', 'N225E', 'N225D', 'N225V', 'N225A', 'N225R', 'N225S', 'N225K', 'N225M', 'N225I', 'N225T', 'N225W', 'N225X', 'N225C', 'N225Y', 'N225L', 'N225F', 'N225Q', 'N225H', 'N225P', 'D226G', 'D226E', 'D226V', 'D226A', 'D226R', 'D226S', 'D226K', 'D226N', 'D226M', 'D226I', 'D226T', 'D226W', 'D226X', 'D226C', 'D226Y', 'D226L', 'D226F', 'D226Q', 'D226H', 'D226P', 'C227G', 'C227E', 'C227D', 'C227V', 'C227A', 'C227R', 'C227S', 'C227K', 'C227N', 'C227M', 'C227I', 'C227T', 'C227W', 'C227X', 'C227Y', 'C227L', 'C227F', 'C227Q', 'C227H', 'C227P', 'F228G', 'F228E', 'F228D', 'F228V', 'F228A', 'F228R', 'F228S', 'F228K', 'F228N', 'F228M', 'F228I', 'F228T', 'F228W', 'F228X', 'F228C', 'F228Y', 'F228L', 'F228Q', 'F228H', 'F228P', 'V229G', 'V229E', 'V229D', 'V229A', 'V229R', 'V229S', 'V229K', 'V229N', 'V229M', 'V229I', 'V229T', 'V229W', 'V229X', 'V229C', 'V229Y', 'V229L', 'V229F', 'V229Q', 'V229H', 'V229P', 'K230G', 'K230E', 'K230D', 'K230V', 'K230A', 'K230R', 'K230S', 'K230N', 'K230M', 'K230I', 'K230T', 'K230W', 'K230X', 'K230C', 'K230Y', 'K230L', 'K230F', 'K230Q', 'K230H', 'K230P', 'V231M', 'V231W', 'R233G', 'R233E', 'R233D', 'R233V', 'R233A', 'R233S', 'R233K', 'R233N', 'R233M', 'R233I', 'R233T', 'R233W', 'R233X', 'R233C', 'R233Y', 'R233L', 'R233F', 'R233Q', 'R233H', 'R233P', 'S234G', 'S234E', 'S234D', 'S234V', 'S234A', 'S234R', 'S234K', 'S234N', 'S234M', 'S234I', 'S234T', 'S234W', 'S234X', 'S234C', 'S234Y', 'S234L', 'S234F', 'S234Q', 'S234H', 'S234P', 'P235G', 'P235E', 'P235D', 'P235V', 'P235A', 'P235R', 'P235S', 'P235K', 'P235N', 'P235M', 'P235I', 'P235T', 'P235W', 'P235X', 'P235C', 'P235Y', 'P235L', 'P235F', 'P235Q', 'P235H']",AGCCCTTGCCCGGCTTGTCC,CAAGCCGGGCAAGGG,"[224, 225, 226, 227, 228, 229, 230, 231, 233, 234, 235]",224,235,False,S234C
"[542, 545, 548, 551, 554, 557, 560, 563, 566, 569, 572, 575, 578, 581, 584, 587, 590, 593, 596, 599, 601, 604, 607, 610, 613, 616, 619, 622, 625, 628, 631, 634, 637, 640, 643, 646, 649, 652, 655, 658, 661, 664, 667, 670, 673, 676, 679, 682, 685, 688, 691, 694, 697, 700, 703, 706, 709, 712, 715, 718, 721, 724, 727, 730, 733, 736, 739, 742, 745, 748, 751, 754, 757, 760, 763, 766, 769, 772, 775, 778, 781, 784, 787, 790, 793, 796, 799, 802, 805, 808, 811, 814, 817, 820, 823, 826, 829, 832, 835, 838, 841, 844, 847, 850, 853, 856, 859, 862, 865, 868, 871, 874, 877, 880, 883, 886, 889, 892, 895, 898, 902, 905, 908, 911, 914, 917, 920, 923, 925, 929, 932, 934, 938, 941, 944, 947, 950, 953, 956, 959, 963, 966, 969, 972, 975, 978, 981, 984, 986, 990, 993, 995, 999, 1002, 1005, 1008, 1011, 1014, 1017, 1020, 1023, 1026, 1029, 1032, 1035, 1038, 1041, 1044, 1047, 1050, 1053, 1056, 1059, 1062, 1065, 1068, 1071, 1074, 1077, 1080, 1081, 1084, 1087, 1090, 1093, 1096, 1099, 1102, 1105, 1108, 1111, 1114, 1117, 1120, 1123, 1126, 1129, 1132, 1135, 1138, 1141, 1144, 1147, 1150, 1153, 1156, 1159, 1162, 1165, 1168, 1171, 1174, 1177, 1180, 1183, 1186, 1189, 1192, 1195, 1198, 1201, 1204, 1207, 1210, 1213, 1216, 1219, 1222, 1225, 1228, 1231, 1234, 1237, 1240, 1243, 1246, 1249, 1252, 1255, 1258]",-,"['F224G', 'F224E', 'F224D', 'F224V', 'F224A', 'F224R', 'F224S', 'F224K', 'F224N', 'F224M', 'F224I', 'F224T', 'F224W', 'F224X', 'F224C', 'F224Y', 'F224L', 'F224Q', 'F224H', 'F224P', 'N225G', 'N225E', 'N225D', 'N225V', 'N225A', 'N225R', 'N225S', 'N225K', 'N225M', 'N225I', 'N225T', 'N225W', 'N225X', 'N225C', 'N225Y', 'N225L', 'N225F', 'N225Q', 'N225H', 'N225P', 'D226G', 'D226E', 'D226V', 'D226A', 'D226R', 'D226S', 'D226K', 'D226N', 'D226M', 'D226I', 'D226T', 'D226W', 'D226X', 'D226C', 'D226Y', 'D226L', 'D226F', 'D226Q', 'D226H', 'D226P', 'C227G', 'C227E', 'C227D', 'C227V', 'C227A', 'C227R', 'C227S', 'C227K', 'C227N', 'C227M', 'C227I', 'C227T', 'C227W', 'C227X', 'C227Y', 'C227L', 'C227F', 'C227Q', 'C227H', 'C227P', 'F228G', 'F228E', 'F228D', 'F228V', 'F228A', 'F228R', 'F228S', 'F228K', 'F228N', 'F228M', 'F228I', 'F228T', 'F228W', 'F228X', 'F228C', 'F228Y', 'F228L', 'F228Q', 'F228H', 'F228P', 'V229G', 'V229E', 'V229D', 'V229A', 'V229R', 'V229S', 'V229K', 'V229N', 'V229M', 'V229I', 'V229T', 'V229W', 'V229X', 'V229C', 'V229Y', 'V229L', 'V229F', 'V229Q', 'V229H', 'V229P', 'K230G', 'K230E', 'K230D', 'K230V', 'K230A', 'K230R', 'K230S', 'K230N', 'K230M', 'K230I', 'K230T', 'K230W', 'K230X', 'K230C', 'K230Y', 'K230L', 'K230F', 'K230Q', 'K230H', 'K230P', 'V231G', 'V231E', 'V231D', 'V231A', 'V231R', 'V231S', 'V231K', 'V231N', 'V231M', 'V231I', 'V231T', 'V231W', 'V231X', 'V231C', 'V231Y', 'V231L', 'V231F', 'V231Q', 'V231H', 'V231P', 'A232G', 'A232E', 'A232D', 'A232V', 'A232R', 'A232S', 'A232K', 'A232N', 'A232M', 'A232I', 'A232T', 'A232W', 'A232X', 'A232C', 'A232Y', 'A232L', 'A232F', 'A232Q', 'A232H', 'A232P', 'R233G', 'R233E', 'R233D', 'R233V', 'R233A', 'R233S', 'R233K', 'R233N', 'R233M', 'R233I', 'R233T', 'R233W', 'R233X', 'R233C', 'R233Y', 'R233L', 'R233F', 'R233Q', 'R233H', 'R233P', 'S234G', 'S234E', 'S234D', 'S234V', 'S234A', 'S234R', 'S234K', 'S234N', 'S234M', 'S234I', 'S234T', 'S234W', 'S234X', 'S234C', 'S234Y', 'S234L', 'S234F', 'S234Q', 'S234H', 'S234P', 'P235G', 'P235E', 'P235D', 'P235V', 'P235A', 'P235R', 'P235S', 'P235K', 'P235N', 'P235M', 'P235I', 'P235T', 'P235W', 'P235X', 'P235C', 'P235Y', 'P235L', 'P235F', 'P235Q', 'P235H']",GCCCTTGCCCGGCTTGTCCG,ACAAGCCGGGCAAGG,"[224, 225, 226, 227, 228, 229, 230, 231, 232, 233, 234, 235]",224,235,True,V231L
"[603, 606, 609, 612, 615, 618, 621, 624, 627, 630, 633, 636, 639, 642, 645, 648, 651, 654, 657, 660, 663, 666, 669, 672, 675, 678, 681, 684, 687, 690, 693, 696, 699, 702, 705, 708, 711, 714, 717, 720, 723, 726, 729, 732, 735, 738, 741, 744, 747, 750, 753, 756, 759, 762, 765, 768, 771, 774, 777, 780, 783, 786, 789, 792, 795, 798, 801, 804, 807, 810, 813, 816, 819, 822, 825, 828, 831, 834, 837, 840, 843, 846, 849, 852, 855, 858, 861, 864, 867, 870, 873, 876, 879, 882, 885, 888, 891, 894, 897, 900, 1230, 1239]",-,"['N225G', 'N225E', 'N225D', 'N225V', 'N225A', 'N225R', 'N225S', 'N225K', 'N225M', 'N225I', 'N225T', 'N225W', 'N225X', 'N225C', 'N225Y', 'N225L', 'N225F', 'N225Q', 'N225H', 'N225P', 'D226G', 'D226E', 'D226V', 'D226A', 'D226R', 'D226S', 'D226K', 'D226N', 'D226M', 'D226I', 'D226T', 'D226W', 'D226X', 'D226C', 'D226Y', 'D226L', 'D226F', 'D226Q', 'D226H', 'D226P', 'C227G', 'C227E', 'C227D', 'C227V', 'C227A', 'C227R', 'C227S', 'C227K', 'C227N', 'C227M', 'C227I', 'C227T', 'C227W', 'C227X', 'C227Y', 'C227L', 'C227F', 'C227Q', 'C227H', 'C227P', 'F228G', 'F228E', 'F228D', 'F228V', 'F228A', 'F228R', 'F228S', 'F228K', 'F228N', 'F228M', 'F228I', 'F228T', 'F228W', 'F228X', 'F228C', 'F228Y', 'F228L', 'F228Q', 'F228H', 'F228P', 'V229G', 'V229E', 'V229D', 'V229A', 'V229R', 'V229S', 'V229K', 'V229N', 'V229M', 'V229I', 'V229T', 'V229W', 'V229X', 'V229C', 'V229Y', 'V229L', 'V229F', 'V229Q', 'V229H', 'V229P', 'P235M', 'P235W']",GAGCCCTTGCCCGGCTTGTC,AAGCCGGGCAAGGGC,"[225, 226, 227, 228, 229, 235]",225,235,False,V229I
"[901, 904, 907, 910, 913, 916, 919, 922, 927, 928, 931, 936, 937, 940, 943, 946, 949, 952, 955, 958, 962, 965, 968, 971, 974, 977, 980, 983, 985, 989, 992, 994, 998, 1001, 1004, 1007, 1010, 1013, 1016, 1019, 1022, 1025, 1028, 1031, 1034, 1037, 1040, 1043, 1046, 1049, 1052, 1055, 1058, 1061, 1064, 1067, 1070, 1073, 1076, 1079, 1263, 1266, 1269, 1272, 1275, 1278, 1281, 1284, 1287, 1290, 1293, 1296, 1299, 1302, 1305, 1308, 1311, 1314, 1317, 1320]",+,"['K230G', 'K230E', 'K230D', 'K230V', 'K230A', 'K230R', 'K230S', 'K230N', 'K230M', 'K230I', 'K230T', 'K230W', 'K230X', 'K230C', 'K230Y', 'K230L', 'K230F', 'K230Q', 'K230H', 'K230P', 'V231G', 'V231E', 'V231D', 'V231A', 'V231R', 'V231S', 'V231K', 'V231N', 'V231M', 'V231I', 'V231T', 'V231W', 'V231X', 'V231C', 'V231Y', 'V231L', 'V231F', 'V231Q', 'V231H', 'V231P', 'A232G', 'A232E', 'A232D', 'A232V', 'A232R', 'A232S', 'A232K', 'A232N', 'A232M', 'A232I', 'A232T', 'A232W', 'A232X', 'A232C', 'A232Y', 'A232L', 'A232F', 'A232Q', 'A232H', 'A232P', 'D236G', 'D236E', 'D236V', 'D236A', 'D236R', 'D236S', 'D236K', 'D236N', 'D236M', 'D236I', 'D236T', 'D236W', 'D236X', 'D236C', 'D236Y', 'D236L', 'D236F', 'D236Q', 'D236H', 'D236P']",CTTCAATGACTGCTTCGTCA,CGAAGCAGTCATTGA,"[230, 231, 232, 236]",230,236,False,A232V
"[961, 964, 967, 970, 973, 976, 979, 982, 988, 991, 997, 1000, 1003, 1006, 1009, 1012, 1015, 1018, 1021, 1024, 1027, 1030, 1033, 1036, 1039, 1042, 1045, 1048, 1051, 1054, 1057, 1060, 1063, 1066, 1069, 1072, 1075, 1078, 1082, 1085, 1088, 1091, 1094, 1097, 1100, 1103, 1106, 1109, 1112, 1115, 1118, 1121, 1124, 1127, 1130, 1133, 1136, 1139, 1143, 1146, 1149, 1152, 1155, 1158, 1161, 1164, 1167, 1170, 1173, 1176, 1179, 1182, 1185, 1188, 1191, 1194, 1197, 1200, 1262, 1265, 1268, 1271, 1274, 1277, 1280, 1283, 1286, 1289, 1292, 1295, 1298, 1301, 1304, 1307, 1310, 1313, 1316, 1319, 1323, 1326, 1329, 1332, 1335, 1338, 1341, 1344, 1347, 1350, 1353, 1356, 1359, 1362, 1365, 1368, 1371, 1374, 1377, 1380]",+,"['V231G', 'V231E', 'V231D', 'V231A', 'V231R', 'V231S', 'V231K', 'V231N', 'V231I', 'V231T', 'V231X', 'V231C', 'V231Y', 'V231L', 'V231F', 'V231Q', 'V231H', 'V231P', 'A232G', 'A232E', 'A232D', 'A232V', 'A232R', 'A232S', 'A232K', 'A232N', 'A232M', 'A232I', 'A232T', 'A232W', 'A232X', 'A232C', 'A232Y', 'A232L', 'A232F', 'A232Q', 'A232H', 'A232P', 'R233G', 'R233E', 'R233D', 'R233V', 'R233A', 'R233S', 'R233K', 'R233N', 'R233M', 'R233I', 'R233T', 'R233W', 'R233X', 'R233C', 'R233Y', 'R233L', 'R233F', 'R233Q', 'R233H', 'R233P', 'S234G', 'S234E', 'S234D', 'S234V', 'S234A', 'S234R', 'S234K', 'S234N', 'S234M', 'S234I', 'S234T', 'S234W', 'S234X', 'S234C', 'S234Y', 'S234L', 'S234F', 'S234Q', 'S234H', 'S234P', 'D236G', 'D236E', 'D236V', 'D236A', 'D236R', 'D236S', 'D236K', 'D236N', 'D236M', 'D236I', 'D236T', 'D236W', 'D236X', 'D236C', 'D236Y', 'D236L', 'D236F', 'D236Q', 'D236H', 'D236P', 'K237G', 'K237E', 'K237D', 'K237V', 'K237A', 'K237R', 'K237S', 'K237N', 'K237M', 'K237I', 'K237T', 'K237W', 'K237X', 'K237C', 'K237Y', 'K237L', 'K237F', 'K237Q', 'K237H', 'K237P']",CAATGACTGCTTCGTCAAGG,TGACGAAGCAGTCAT,"[231, 232, 233, 234, 236, 237]",231,237,False,S234F
"[1202, 1205, 1208, 1211, 1214, 1217, 1220, 1223, 1226, 1232, 1235, 1241, 1244, 1247, 1250, 1253, 1256, 1259, 1261, 1264, 1267, 1270, 1273, 1276, 1279, 1282, 1285, 1288, 1291, 1294, 1297, 1300, 1303, 1306, 1309, 1312, 1315, 1318, 1321, 1324, 1327, 1330, 1333, 1336, 1339, 1342, 1345, 1348, 1351, 1354, 1357, 1360, 1363, 1366, 1369, 1372, 1375, 1378, 1383, 1386, 1389, 1392, 1395, 1398, 1401, 1404, 1407, 1409, 1413, 1416, 1418, 1422, 1425, 1428, 1431, 1434, 1437, 1440, 1527, 1536]",+,"['P235G', 'P235E', 'P235D', 'P235V', 'P235A', 'P235R', 'P235S', 'P235K', 'P235N', 'P235I', 'P235T', 'P235X', 'P235C', 'P235Y', 'P235L', 'P235F', 'P235Q', 'P235H', 'D236G', 'D236E', 'D236V', 'D236A', 'D236R', 'D236S', 'D236K', 'D236N', 'D236M', 'D236I', 'D236T', 'D236W', 'D236X', 'D236C', 'D236Y', 'D236L', 'D236F', 'D236Q', 'D236H', 'D236P', 'K237G', 'K237E', 'K237D', 'K237V', 'K237A', 'K237R', 'K237S', 'K237N', 'K237M', 'K237I', 'K237T', 'K237W', 'K237X', 'K237C', 'K237Y', 'K237L', 'K237F', 'K237Q', 'K237H', 'K237P', 'P238G', 'P238E', 'P238D', 'P238V', 'P238A', 'P238R', 'P238S', 'P238K', 'P238N', 'P238M', 'P238I', 'P238T', 'P238W', 'P238X', 'P238C', 'P238Y', 'P238L', 'P238F', 'P238Q', 'P238H', 'K240M', 'K240W']",CGTCAAGGTGGCACGCTCCC,AGCGTGCCACCTTGA,"[235, 236, 237, 238, 240]",235,240,False,D236N
"[1322, 1325, 1328, 1331, 1334, 1337, 1340, 1343, 1346, 1349, 1352, 1355, 1358, 1361, 1364, 1367, 1370, 1373, 1376, 1379, 1410, 1419, 1443, 1446, 1449, 1452, 1455, 1458, 1461, 1464, 1467, 1470, 1473, 1476, 1479, 1482, 1485, 1488, 1491, 1494, 1497, 1500, 1503, 1506, 1509, 1512, 1515, 1518, 1521, 1524, 1526, 1530, 1533, 1535, 1539, 1542, 1545, 1548, 1551, 1554, 1557, 1560, 1563, 1566, 1569, 1572, 1575, 1578, 1581, 1584, 1587, 1590, 1593, 1596, 1599, 1602, 1605, 1608, 1611, 1614, 1617, 1620, 1621, 1624, 1627, 1630, 1633, 1636, 1639, 1642, 1645, 1648, 1651, 1654, 1657, 1660, 1663, 1666, 1669, 1672, 1675, 1678, 1681, 1684, 1687, 1690, 1693, 1696, 1699, 1702, 1705, 1708, 1711, 1714, 1717, 1720, 1723, 1726, 1729, 1732, 1735, 1738]",-,"['K237G', 'K237E', 'K237D', 'K237V', 'K237A', 'K237R', 'K237S', 'K237N', 'K237M', 'K237I', 'K237T', 'K237W', 'K237X', 'K237C', 'K237Y', 'K237L', 'K237F', 'K237Q', 'K237H', 'K237P', 'P238M', 'P238W', 'G239E', 'G239D', 'G239V', 'G239A', 'G239R', 'G239S', 'G239K', 'G239N', 'G239M', 'G239I', 'G239T', 'G239W', 'G239X', 'G239C', 'G239Y', 'G239L', 'G239F', 'G239Q', 'G239H', 'G239P', 'K240G', 'K240E', 'K240D', 'K240V', 'K240A', 'K240R', 'K240S', 'K240N', 'K240M', 'K240I', 'K240T', 'K240W', 'K240X', 'K240C', 'K240Y', 'K240L', 'K240F', 'K240Q', 'K240H', 'K240P', 'G241E', 'G241D', 'G241V', 'G241A', 'G241R', 'G241S', 'G241K', 'G241N', 'G241M', 'G241I', 'G241T', 'G241W', 'G241X', 'G241C', 'G241Y', 'G241L', 'G241F', 'G241Q', 'G241H', 'G241P', 'S242G', 'S242E', 'S242D', 'S242V', 'S242A', 'S242R', 'S242K', 'S242N', 'S242M', 'S242I', 'S242T', 'S242W', 'S242X', 'S242C', 'S242Y', 'S242L', 'S242F', 'S242Q', 'S242H', 'S242P', 'Y243G', 'Y243E', 'Y243D', 'Y243V', 'Y243A', 'Y243R', 'Y243S', 'Y243K', 'Y243N', 'Y243M', 'Y243I', 'Y243T', 'Y243W', 'Y243X', 'Y243C', 'Y243L', 'Y243F', 'Y243Q', 'Y243H', 'Y243P']",GTCCGGGTGCAGCGTCCAGT,GGACGCTGCACCCGG,"[237, 238, 239, 240, 241, 242, 243]",237,243,True,Y243C
"[1382, 1385, 1388, 1391, 1394, 1397, 1400, 1403, 1406, 1408, 1412, 1415, 1417, 1421, 1424, 1427, 1430, 1433, 1436, 1439]",-,"['P238G', 'P238E', 'P238D', 'P238V', 'P238A', 'P238R', 'P238S', 'P238K', 'P238N', 'P238M', 'P238I', 'P238T', 'P238W', 'P238X', 'P238C', 'P238Y', 'P238L', 'P238F', 'P238Q', 'P238H']",GTCCAGTAGGAGCCCTTGCC,AAGGGCTCCTACTGG,[238],238,238,True,P238S
"[1381, 1384, 1387, 1390, 1393, 1396, 1399, 1402, 1405, 1411, 1414, 1420, 1423, 1426, 1429, 1432, 1435, 1438, 1442, 1445, 1448, 1451, 1454, 1457, 1460, 1463, 1466, 1469, 1472, 1475, 1478, 1481, 1484, 1487, 1490, 1493, 1496, 1499, 1502, 1505, 1508, 1511, 1514, 1517, 1520, 1523, 1525, 1529, 1532, 1534, 1538, 1541, 1544, 1547, 1550, 1553, 1556, 1559, 1623, 1626, 1629, 1632, 1635, 1638, 1641, 1644, 1647, 1650, 1653, 1656, 1659, 1662, 1665, 1668, 1671, 1674, 1677, 1680, 1683, 1686, 1689, 1692, 1695, 1698, 1701, 1704, 1707, 1710, 1713, 1716, 1719, 1722, 1725, 1728, 1731, 1734, 1737, 1740]",+,"['P238G', 'P238E', 'P238D', 'P238V', 'P238A', 'P238R', 'P238S', 'P238K', 'P238N', 'P238I', 'P238T', 'P238X', 'P238C', 'P238Y', 'P238L', 'P238F', 'P238Q', 'P238H', 'G239E', 'G239D', 'G239V', 'G239A', 'G239R', 'G239S', 'G239K', 'G239N', 'G239M', 'G239I', 'G239T', 'G239W', 'G239X', 'G239C', 'G239Y', 'G239L', 'G239F', 'G239Q', 'G239H', 'G239P', 'K240G', 'K240E', 'K240D', 'K240V', 'K240A', 'K240R', 'K240S', 'K240N', 'K240M', 'K240I', 'K240T', 'K240W', 'K240X', 'K240C', 'K240Y', 'K240L', 'K240F', 'K240Q', 'K240H', 'K240P', 'S242G', 'S242E', 'S242D', 'S242V', 'S242A', 'S242R', 'S242K', 'S242N', 'S242M', 'S242I', 'S242T', 'S242W', 'S242X', 'S242C', 'S242Y', 'S242L', 'S242F', 'S242Q', 'S242H', 'S242P', 'Y243G', 'Y243E', 'Y243D', 'Y243V', 'Y243A', 'Y243R', 'Y243S', 'Y243K', 'Y243N', 'Y243M', 'Y243I', 'Y243T', 'Y243W', 'Y243X', 'Y243C', 'Y243L', 'Y243F', 'Y243Q', 'Y243H', 'Y243P']",GGCACGCTCCCCGGACAAGC,TGTCCGGGGAGCGTG,"[238, 239, 240, 242, 243]",238,243,False,S242Y
"[1441, 1444, 1447, 1450, 1453, 1456, 1459, 1462, 1465, 1468, 1471, 1474, 1477, 1480, 1483, 1486, 1489, 1492, 1495, 1498]",+,"['G239E', 'G239D', 'G239V', 'G239A', 'G239R', 'G239S', 'G239K', 'G239N', 'G239M', 'G239I', 'G239T', 'G239W', 'G239X', 'G239C', 'G239Y', 'G239L', 'G239F', 'G239Q', 'G239H', 'G239P']",GCACGCTCCCCGGACAAGCC,TTGTCCGGGGAGCGT,[239],239,239,True,G239D
"[1501, 1504, 1507, 1510, 1513, 1516, 1519, 1522, 1528, 1531, 1537, 1540, 1543, 1546, 1549, 1552, 1555, 1558, 1562, 1565, 1568, 1571, 1574, 1577, 1580, 1583, 1586, 1589, 1592, 1595, 1598, 1601, 1604, 1607, 1610, 1613, 1616, 1619, 1622, 1625, 1628, 1631, 1634, 1637, 1640, 1643, 1646, 1649, 1652, 1655, 1658, 1661, 1664, 1667, 1670, 1673, 1676, 1679, 1682, 1685, 1688, 1691, 1694, 1697, 1700, 1703, 1706, 1709, 1712, 1715, 1718, 1721, 1724, 1727, 1730, 1733, 1736, 1739, 1742, 1745, 1748, 1751, 1754, 1757, 1760, 1763, 1766, 1769, 1772, 1775, 1778, 1781, 1784, 1787, 1790, 1793, 1796, 1799, 1802, 1805, 1808, 1811, 1814, 1817, 1820, 1823, 1826, 1829, 1832, 1835, 1838, 1841, 1844, 1847, 1850, 1853, 1856, 1859, 1863, 1866, 1869, 1872, 1875, 1878, 1881, 1884, 1887, 1890, 1893, 1896, 1899, 1902, 1905, 1908, 1911, 1914, 1917, 1920, 1923, 1926, 1929, 1932, 1935, 1938, 1941, 1944, 1947, 1950, 1953, 1956, 1959, 1962, 1965, 1968, 1971, 1974, 1977, 1980, 2043, 2046, 2049, 2052, 2055, 2058, 2061, 2064, 2067, 2070, 2073, 2076, 2079, 2082, 2085, 2088, 2091, 2094, 2097, 2100, 2103, 2106, 2109, 2112, 2115, 2118, 2121, 2124, 2127, 2130, 2133, 2136, 2139, 2142, 2145, 2148, 2151, 2154, 2157, 2160]",+,"['K240G', 'K240E', 'K240D', 'K240V', 'K240A', 'K240R', 'K240S', 'K240N', 'K240I', 'K240T', 'K240X', 'K240C', 'K240Y', 'K240L', 'K240F', 'K240Q', 'K240H', 'K240P', 'G241E', 'G241D', 'G241V', 'G241A', 'G241R', 'G241S', 'G241K', 'G241N', 'G241M', 'G241I', 'G241T', 'G241W', 'G241X', 'G241C', 'G241Y', 'G241L', 'G241F', 'G241Q', 'G241H', 'G241P', 'S242G', 'S242E', 'S242D', 'S242V', 'S242A', 'S242R', 'S242K', 'S242N', 'S242M', 'S242I', 'S242T', 'S242W', 'S242X', 'S242C', 'S242Y', 'S242L', 'S242F', 'S242Q', 'S242H', 'S242P', 'Y243G', 'Y243E', 'Y243D', 'Y243V', 'Y243A', 'Y243R', 'Y243S', 'Y243K', 'Y243N', 'Y243M', 'Y243I', 'Y243T', 'Y243W', 'Y243X', 'Y243C', 'Y243L', 'Y243F', 'Y243Q', 'Y243H', 'Y243P', 'W244G', 'W244E', 'W244D', 'W244V', 'W244A', 'W244R', 'W244S', 'W244K', 'W244N', 'W244M', 'W244I', 'W244T', 'W244X', 'W244C', 'W244Y', 'W244L', 'W244F', 'W244Q', 'W244H', 'W244P', 'T245G', 'T245E', 'T245D', 'T245V', 'T245A', 'T245R', 'T245S', 'T245K', 'T245N', 'T245M', 'T245I', 'T245W', 'T245X', 'T245C', 'T245Y', 'T245L', 'T245F', 'T245Q', 'T245H', 'T245P', 'L246G', 'L246E', 'L246D', 'L246V', 'L246A', 'L246R', 'L246S', 'L246K', 'L246N', 'L246M', 'L246I', 'L246T', 'L246W', 'L246X', 'L246C', 'L246Y', 'L246F', 'L246Q', 'L246H', 'L246P', 'H247G', 'H247E', 'H247D', 'H247V', 'H247A', 'H247R', 'H247S', 'H247K', 'H247N', 'H247M', 'H247I', 'H247T', 'H247W', 'H247X', 'H247C', 'H247Y', 'H247L', 'H247F', 'H247Q', 'H247P', 'D249G', 'D249E', 'D249V', 'D249A', 'D249R', 'D249S', 'D249K', 'D249N', 'D249M', 'D249I', 'D249T', 'D249W', 'D249X', 'D249C', 'D249Y', 'D249L', 'D249F', 'D249Q', 'D249H', 'D249P', 'S250G', 'S250E', 'S250D', 'S250V', 'S250A', 'S250R', 'S250K', 'S250N', 'S250M', 'S250I', 'S250T', 'S250W', 'S250X', 'S250C', 'S250Y', 'S250L', 'S250F', 'S250Q', 'S250H', 'S250P']",CTCCCCGGACAAGCCGGGCA,CCGGCTTGTCCGGGG,"[240, 241, 242, 243, 244, 245, 246, 247, 249, 250]",240,250,False,H247Q
"[1561, 1564, 1567, 1570, 1573, 1576, 1579, 1582, 1585, 1588, 1591, 1594, 1597, 1600, 1603, 1606, 1609, 1612, 1615, 1618]",+,"['G241E', 'G241D', 'G241V', 'G241A', 'G241R', 'G241S', 'G241K', 'G241N', 'G241M', 'G241I', 'G241T', 'G241W', 'G241X', 'G241C', 'G241Y', 'G241L', 'G241F', 'G241Q', 'G241H', 'G241P']",TCCCCGGACAAGCCGGGCAA,CCCGGCTTGTCCGGG,[241],241,241,True,G241C
"[1741, 1744, 1747, 1750, 1753, 1756, 1759, 1762, 1765, 1768, 1771, 1774, 1777, 1780, 1783, 1786, 1789, 1792, 1795, 1798]",+,"['W244G', 'W244E', 'W244D', 'W244V', 'W244A', 'W244R', 'W244S', 'W244K', 'W244N', 'W244M', 'W244I', 'W244T', 'W244X', 'W244C', 'W244Y', 'W244L', 'W244F', 'W244Q', 'W244H', 'W244P']",AGCCGGGCAAGGGCTCCTAC,GGAGCCCTTGCCCGG,[244],244,244,True,W244C
"[1743, 1746, 1749, 1752, 1755, 1758, 1761, 1764, 1767, 1770, 1773, 1776, 1779, 1782, 1785, 1788, 1791, 1794, 1797, 1800, 1801, 1804, 1807, 1810, 1813, 1816, 1819, 1822, 1825, 1828, 1831, 1834, 1837, 1840, 1843, 1846, 1849, 1852, 1855, 1858, 1861, 1864, 1867, 1870, 1873, 1876, 1879, 1882, 1885, 1888, 1891, 1894, 1897, 1900, 1903, 1906, 1909, 1912, 1915, 1918, 1921, 1924, 1927, 1930, 1933, 1936, 1939, 1942, 1945, 1948, 1951, 1954, 1957, 1960, 1963, 1966, 1969, 1972, 1975, 1978, 1982, 1985, 1988, 1991, 1994, 1997, 2000, 2003, 2006, 2008, 2012, 2015, 2017, 2021, 2024, 2027, 2030, 2033, 2036, 2039]",-,"['W244G', 'W244E', 'W244D', 'W244V', 'W244A', 'W244R', 'W244S', 'W244K', 'W244N', 'W244M', 'W244I', 'W244T', 'W244X', 'W244C', 'W244Y', 'W244L', 'W244F', 'W244Q', 'W244H', 'W244P', 'T245G', 'T245E', 'T245D', 'T245V', 'T245A', 'T245R', 'T245S', 'T245K', 'T245N', 'T245M', 'T245I', 'T245W', 'T245X', 'T245C', 'T245Y', 'T245L', 'T245F', 'T245Q', 'T245H', 'T245P', 'L246G', 'L246E', 'L246D', 'L246V', 'L246A', 'L246R', 'L246S', 'L246K', 'L246N', 'L246M', 'L246I', 'L246T', 'L246W', 'L246X', 'L246C', 'L246Y', 'L246F', 'L246Q', 'L246H', 'L246P', 'H247G', 'H247E', 'H247D', 'H247V', 'H247A', 'H247R', 'H247S', 'H247K', 'H247N', 'H247M', 'H247I', 'H247T', 'H247W', 'H247X', 'H247C', 'H247Y', 'H247L', 'H247F', 'H247Q', 'H247P', 'P248G', 'P248E', 'P248D', 'P248V', 'P248A', 'P248R', 'P248S', 'P248K', 'P248N', 'P248M', 'P248I', 'P248T', 'P248W', 'P248X', 'P248C', 'P248Y', 'P248L', 'P248F', 'P248Q', 'P248H']",CGAACATGTTGCCGGAGTCC,CTCCGGCAACATGTT,"[244, 245, 246, 247, 248]",244,248,True,H247R
"[1803, 1806, 1809, 1812, 1815, 1818, 1821, 1824, 1827, 1830, 1833, 1836, 1839, 1842, 1845, 1848, 1851, 1854, 1857, 1860, 1862, 1865, 1868, 1871, 1874, 1877, 1880, 1883, 1886, 1889, 1892, 1895, 1898, 1901, 1904, 1907, 1910, 1913, 1916, 1919, 1922, 1925, 1928, 1931, 1934, 1937, 1940, 1943, 1946, 1949, 1952, 1955, 1958, 1961, 1964, 1967, 1970, 1973, 1976, 1979, 2010, 2019, 2042, 2045, 2048, 2051, 2054, 2057, 2060, 2063, 2066, 2069, 2072, 2075, 2078, 2081, 2084, 2087, 2090, 2093, 2096, 2099, 2101, 2104, 2107, 2110, 2113, 2116, 2119, 2122, 2125, 2128, 2131, 2134, 2137, 2140, 2143, 2146, 2149, 2152, 2155, 2158, 2161, 2164, 2167, 2170, 2173, 2176, 2179, 2182, 2185, 2188, 2191, 2194, 2197, 2200, 2203, 2206, 2209, 2212, 2215, 2218]",-,"['T245G', 'T245E', 'T245D', 'T245V', 'T245A', 'T245R', 'T245S', 'T245K', 'T245N', 'T245M', 'T245I', 'T245W', 'T245X', 'T245C', 'T245Y', 'T245L', 'T245F', 'T245Q', 'T245H', 'T245P', 'L246G', 'L246E', 'L246D', 'L246V', 'L246A', 'L246R', 'L246S', 'L246K', 'L246N', 'L246M', 'L246I', 'L246T', 'L246W', 'L246X', 'L246C', 'L246Y', 'L246F', 'L246Q', 'L246H', 'L246P', 'H247G', 'H247E', 'H247D', 'H247V', 'H247A', 'H247R', 'H247S', 'H247K', 'H247N', 'H247M', 'H247I', 'H247T', 'H247W', 'H247X', 'H247C', 'H247Y', 'H247L', 'H247F', 'H247Q', 'H247P', 'P248M', 'P248W', 'D249G', 'D249E', 'D249V', 'D249A', 'D249R', 'D249S', 'D249K', 'D249N', 'D249M', 'D249I', 'D249T', 'D249W', 'D249X', 'D249C', 'D249Y', 'D249L', 'D249F', 'D249Q', 'D249H', 'D249P', 'S250G', 'S250E', 'S250D', 'S250V', 'S250A', 'S250R', 'S250K', 'S250N', 'S250M', 'S250I', 'S250T', 'S250W', 'S250X', 'S250C', 'S250Y', 'S250L', 'S250F', 'S250Q', 'S250H', 'S250P', 'G251E', 'G251D', 'G251V', 'G251A', 'G251R', 'G251S', 'G251K', 'G251N', 'G251M', 'G251I', 'G251T', 'G251W', 'G251X', 'G251C', 'G251Y', 'G251L', 'G251F', 'G251Q', 'G251H', 'G251P']",GCCGTTCTCGAACATGTTGC,ACATGTTCGAGAACG,"[245, 246, 247, 248, 249, 250, 251]",245,251,True,S250F
"[1983, 1986, 1989, 1992, 1995, 1998, 2001, 2004, 2007, 2009, 2013, 2016, 2018, 2022, 2025, 2028, 2031, 2034, 2037, 2040]",-,"['P248G', 'P248E', 'P248D', 'P248V', 'P248A', 'P248R', 'P248S', 'P248K', 'P248N', 'P248M', 'P248I', 'P248T', 'P248W', 'P248X', 'P248C', 'P248Y', 'P248L', 'P248F', 'P248Q', 'P248H']",TCGAACATGTTGCCGGAGTC,TCCGGCAACATGTTC,[248],248,248,True,P248Q
"[1981, 1984, 1987, 1990, 1993, 1996, 1999, 2002, 2005, 2011, 2014, 2020, 2023, 2026, 2029, 2032, 2035, 2038, 2041, 2044, 2047, 2050, 2053, 2056, 2059, 2062, 2065, 2068, 2071, 2074, 2077, 2080, 2083, 2086, 2089, 2092, 2095, 2098, 2102, 2105, 2108, 2111, 2114, 2117, 2120, 2123, 2126, 2129, 2132, 2135, 2138, 2141, 2144, 2147, 2150, 2153, 2156, 2159, 2163, 2166, 2169, 2172, 2175, 2178, 2181, 2184, 2187, 2190, 2193, 2196, 2199, 2202, 2205, 2208, 2211, 2214, 2217, 2220, 2221, 2224, 2227, 2230, 2233, 2236, 2239, 2242, 2245, 2248, 2251, 2254, 2257, 2260, 2263, 2266, 2269, 2272, 2275, 2278, 2281, 2284, 2287, 2290, 2293, 2296, 2299, 2302, 2305, 2308, 2311, 2314, 2317, 2320, 2323, 2326, 2329, 2332, 2335, 2338, 2341, 2344, 2347, 2350, 2353, 2356, 2359, 2362, 2365, 2368, 2371, 2374, 2377, 2380, 2383, 2386, 2389, 2392, 2395, 2398, 2401, 2404, 2407, 2410, 2413, 2416, 2419, 2422, 2425, 2428, 2431, 2434, 2437, 2440, 2443, 2446, 2449, 2452, 2455, 2458, 2463, 2466, 2469, 2472, 2475, 2478, 2481, 2484, 2487, 2490, 2493, 2496, 2499, 2502, 2505, 2508, 2511, 2514, 2517, 2520, 2583, 2586, 2589, 2592, 2595, 2598, 2601, 2604, 2607, 2610, 2613, 2616, 2619, 2622, 2625, 2628, 2631, 2634, 2637, 2640, 2643, 2646, 2649, 2652, 2655, 2658, 2661, 2664, 2667, 2670, 2673, 2676, 2679, 2682, 2685, 2688, 2691, 2694, 2697, 2700]",+,"['P248G', 'P248E', 'P248D', 'P248V', 'P248A', 'P248R', 'P248S', 'P248K', 'P248N', 'P248I', 'P248T', 'P248X', 'P248C', 'P248Y', 'P248L', 'P248F', 'P248Q', 'P248H', 'D249G', 'D249E', 'D249V', 'D249A', 'D249R', 'D249S', 'D249K', 'D249N', 'D249M', 'D249I', 'D249T', 'D249W', 'D249X', 'D249C', 'D249Y', 'D249L', 'D249F', 'D249Q', 'D249H', 'D249P', 'S250G', 'S250E', 'S250D', 'S250V', 'S250A', 'S250R', 'S250K', 'S250N', 'S250M', 'S250I', 'S250T', 'S250W', 'S250X', 'S250C', 'S250Y', 'S250L', 'S250F', 'S250Q', 'S250H', 'S250P', 'G251E', 'G251D', 'G251V', 'G251A', 'G251R', 'G251S', 'G251K', 'G251N', 'G251M', 'G251I', 'G251T', 'G251W', 'G251X', 'G251C', 'G251Y', 'G251L', 'G251F', 'G251Q', 'G251H', 'G251P', 'N252G', 'N252E', 'N252D', 'N252V', 'N252A', 'N252R', 'N252S', 'N252K', 'N252M', 'N252I', 'N252T', 'N252W', 'N252X', 'N252C', 'N252Y', 'N252L', 'N252F', 'N252Q', 'N252H', 'N252P', 'M253G', 'M253E', 'M253D', 'M253V', 'M253A', 'M253R', 'M253S', 'M253K', 'M253N', 'M253I', 'M253T', 'M253W', 'M253X', 'M253C', 'M253Y', 'M253L', 'M253F', 'M253Q', 'M253H', 'M253P', 'F254G', 'F254E', 'F254D', 'F254V', 'F254A', 'F254R', 'F254S', 'F254K', 'F254N', 'F254M', 'F254I', 'F254T', 'F254W', 'F254X', 'F254C', 'F254Y', 'F254L', 'F254Q', 'F254H', 'F254P', 'E255G', 'E255D', 'E255V', 'E255A', 'E255R', 'E255S', 'E255K', 'E255N', 'E255M', 'E255I', 'E255T', 'E255W', 'E255X', 'E255C', 'E255Y', 'E255L', 'E255F', 'E255Q', 'E255H', 'E255P', 'N256G', 'N256E', 'N256D', 'N256V', 'N256A', 'N256R', 'N256S', 'N256K', 'N256M', 'N256I', 'N256T', 'N256W', 'N256X', 'N256C', 'N256Y', 'N256L', 'N256F', 'N256Q', 'N256H', 'N256P', 'C258G', 'C258E', 'C258D', 'C258V', 'C258A', 'C258R', 'C258S', 'C258K', 'C258N', 'C258M', 'C258I', 'C258T', 'C258W', 'C258X', 'C258Y', 'C258L', 'C258F', 'C258Q', 'C258H', 'C258P', 'Y259G', 'Y259E', 'Y259D', 'Y259V', 'Y259A', 'Y259R', 'Y259S', 'Y259K', 'Y259N', 'Y259M', 'Y259I', 'Y259T', 'Y259W', 'Y259X', 'Y259C', 'Y259L', 'Y259F', 'Y259Q', 'Y259H', 'Y259P']",CTCCTACTGGACGCTGCACC,GCAGCGTCCAGTAGG,"[248, 249, 250, 251, 252, 253, 254, 255, 256, 258, 259]",248,259,False,F254L
"[2162, 2165, 2168, 2171, 2174, 2177, 2180, 2183, 2186, 2189, 2192, 2195, 2198, 2201, 2204, 2207, 2210, 2213, 2216, 2219]",+,"['G251E', 'G251D', 'G251V', 'G251A', 'G251R', 'G251S', 'G251K', 'G251N', 'G251M', 'G251I', 'G251T', 'G251W', 'G251X', 'G251C', 'G251Y', 'G251L', 'G251F', 'G251Q', 'G251H', 'G251P']",TGGACGCTGCACCCGGACTC,TCCGGGTGCAGCGTC,[251],251,251,True,G251D
"[2222, 2225, 2228, 2231, 2234, 2237, 2240, 2243, 2246, 2249, 2252, 2255, 2258, 2261, 2264, 2267, 2270, 2273, 2276, 2279, 2282, 2285, 2288, 2291, 2294, 2297, 2300, 2303, 2306, 2309, 2312, 2315, 2318, 2321, 2324, 2327, 2330, 2333, 2336, 2339, 2342, 2345, 2348, 2351, 2354, 2357, 2360, 2363, 2366, 2369, 2372, 2375, 2378, 2381, 2384, 2387, 2390, 2393, 2396, 2399, 2402, 2405, 2408, 2411, 2414, 2417, 2420, 2423, 2426, 2429, 2432, 2435, 2438, 2441, 2444, 2447, 2450, 2453, 2456, 2459, 2461, 2464, 2467, 2470, 2473, 2476, 2479, 2482, 2485, 2488, 2491, 2494, 2497, 2500, 2503, 2506, 2509, 2512, 2515, 2518, 2522, 2525, 2528, 2531, 2534, 2537, 2540, 2543, 2546, 2549, 2552, 2555, 2558, 2561, 2564, 2567, 2570, 2573, 2576, 2579, 2581, 2584, 2587, 2590, 2593, 2596, 2599, 2602, 2605, 2608, 2611, 2614, 2617, 2620, 2623, 2626, 2629, 2632, 2635, 2638, 2641, 2644, 2647, 2650, 2653, 2656, 2659, 2662, 2665, 2668, 2671, 2674, 2677, 2680, 2683, 2686, 2689, 2692, 2695, 2698, 2701, 2704, 2707, 2710, 2713, 2716, 2719, 2722, 2725, 2728, 2731, 2734, 2737, 2740, 2743, 2746, 2749, 2752, 2755, 2758, 2761, 2764, 2767, 2770, 2773, 2776, 2779, 2782, 2785, 2788, 2791, 2794, 2797, 2800, 2803, 2806, 2809, 2812, 2815, 2818, 2821, 2824, 2827, 2830, 2833, 2836, 2839, 2842, 2845, 2848, 2851, 2854, 2857, 2860, 2863, 2866, 2869, 2872, 2875, 2878]",-,"['N252G', 'N252E', 'N252D', 'N252V', 'N252A', 'N252R', 'N252S', 'N252K', 'N252M', 'N252I', 'N252T', 'N252W', 'N252X', 'N252C', 'N252Y', 'N252L', 'N252F', 'N252Q', 'N252H', 'N252P', 'M253G', 'M253E', 'M253D', 'M253V', 'M253A', 'M253R', 'M253S', 'M253K', 'M253N', 'M253I', 'M253T', 'M253W', 'M253X', 'M253C', 'M253Y', 'M253L', 'M253F', 'M253Q', 'M253H', 'M253P', 'F254G', 'F254E', 'F254D', 'F254V', 'F254A', 'F254R', 'F254S', 'F254K', 'F254N', 'F254M', 'F254I', 'F254T', 'F254W', 'F254X', 'F254C', 'F254Y', 'F254L', 'F254Q', 'F254H', 'F254P', 'E255G', 'E255D', 'E255V', 'E255A', 'E255R', 'E255S', 'E255K', 'E255N', 'E255M', 'E255I', 'E255T', 'E255W', 'E255X', 'E255C', 'E255Y', 'E255L', 'E255F', 'E255Q', 'E255H', 'E255P', 'N256G', 'N256E', 'N256D', 'N256V', 'N256A', 'N256R', 'N256S', 'N256K', 'N256M', 'N256I', 'N256T', 'N256W', 'N256X', 'N256C', 'N256Y', 'N256L', 'N256F', 'N256Q', 'N256H', 'N256P', 'G257E', 'G257D', 'G257V', 'G257A', 'G257R', 'G257S', 'G257K', 'G257N', 'G257M', 'G257I', 'G257T', 'G257W', 'G257X', 'G257C', 'G257Y', 'G257L', 'G257F', 'G257Q', 'G257H', 'G257P', 'C258G', 'C258E', 'C258D', 'C258V', 'C258A', 'C258R', 'C258S', 'C258K', 'C258N', 'C258M', 'C258I', 'C258T', 'C258W', 'C258X', 'C258Y', 'C258L', 'C258F', 'C258Q', 'C258H', 'C258P', 'Y259G', 'Y259E', 'Y259D', 'Y259V', 'Y259A', 'Y259R', 'Y259S', 'Y259K', 'Y259N', 'Y259M', 'Y259I', 'Y259T', 'Y259W', 'Y259X', 'Y259C', 'Y259L', 'Y259F', 'Y259Q', 'Y259H', 'Y259P', 'L260G', 'L260E', 'L260D', 'L260V', 'L260A', 'L260R', 'L260S', 'L260K', 'L260N', 'L260M', 'L260I', 'L260T', 'L260W', 'L260X', 'L260C', 'L260Y', 'L260F', 'L260Q', 'L260H', 'L260P', 'R261G', 'R261E', 'R261D', 'R261V', 'R261A', 'R261S', 'R261K', 'R261N', 'R261M', 'R261I', 'R261T', 'R261W', 'R261X', 'R261C', 'R261Y', 'R261L', 'R261F', 'R261Q', 'R261H', 'R261P', 'R262G', 'R262E', 'R262D', 'R262V', 'R262A', 'R262S', 'R262K', 'R262N', 'R262M', 'R262I', 'R262T', 'R262W', 'R262X', 'R262C', 'R262Y', 'R262L', 'R262F', 'R262Q', 'R262H', 'R262P']",CGCACTTGAAGCGCTTCTGG,GAAGCGCTTCAAGTG,"[252, 253, 254, 255, 256, 257, 258, 259, 260, 261, 262]",252,262,True,R261C
"[2223, 2226, 2229, 2232, 2235, 2238, 2241, 2244, 2247, 2250, 2253, 2256, 2259, 2262, 2265, 2268, 2271, 2274, 2277, 2280, 2283, 2286, 2289, 2292, 2295, 2298, 2301, 2304, 2307, 2310, 2313, 2316, 2319, 2322, 2325, 2328, 2331, 2334, 2337, 2340, 2343, 2346, 2349, 2352, 2355, 2358, 2361, 2364, 2367, 2370, 2373, 2376, 2379, 2382, 2385, 2388, 2391, 2394, 2397, 2400, 2403, 2406, 2409, 2412, 2415, 2418, 2421, 2424, 2427, 2430, 2433, 2436, 2439, 2442, 2445, 2448, 2451, 2454, 2457, 2460, 2462, 2465, 2468, 2471, 2474, 2477, 2480, 2483, 2486, 2489, 2492, 2495, 2498, 2501, 2504, 2507, 2510, 2513, 2516, 2519, 2523, 2526, 2529, 2532, 2535, 2538, 2541, 2544, 2547, 2550, 2553, 2556, 2559, 2562, 2565, 2568, 2571, 2574, 2577, 2580, 2582, 2585, 2588, 2591, 2594, 2597, 2600, 2603, 2606, 2609, 2612, 2615, 2618, 2621, 2624, 2627, 2630, 2633, 2636, 2639, 2642, 2645, 2648, 2651, 2654, 2657, 2660, 2663, 2666, 2669, 2672, 2675, 2678, 2681, 2684, 2687, 2690, 2693, 2696, 2699, 2702, 2705, 2708, 2711, 2714, 2717, 2720, 2723, 2726, 2729, 2732, 2735, 2738, 2741, 2744, 2747, 2750, 2753, 2756, 2759, 2762, 2765, 2768, 2771, 2774, 2777, 2780, 2783, 2786, 2789, 2792, 2795, 2798, 2801, 2804, 2807, 2810, 2813, 2816, 2819, 2822, 2825, 2828, 2831, 2834, 2837, 2840, 2843, 2846, 2849, 2852, 2855, 2858, 2861, 2864, 2867, 2870, 2873, 2876, 2879, 2881, 2884, 2887, 2890, 2893, 2896, 2899, 2902, 2905, 2908, 2911, 2914, 2917, 2920, 2923, 2926, 2929, 2932, 2935, 2938]",-,"['N252G', 'N252E', 'N252D', 'N252V', 'N252A', 'N252R', 'N252S', 'N252K', 'N252M', 'N252I', 'N252T', 'N252W', 'N252X', 'N252C', 'N252Y', 'N252L', 'N252F', 'N252Q', 'N252H', 'N252P', 'M253G', 'M253E', 'M253D', 'M253V', 'M253A', 'M253R', 'M253S', 'M253K', 'M253N', 'M253I', 'M253T', 'M253W', 'M253X', 'M253C', 'M253Y', 'M253L', 'M253F', 'M253Q', 'M253H', 'M253P', 'F254G', 'F254E', 'F254D', 'F254V', 'F254A', 'F254R', 'F254S', 'F254K', 'F254N', 'F254M', 'F254I', 'F254T', 'F254W', 'F254X', 'F254C', 'F254Y', 'F254L', 'F254Q', 'F254H', 'F254P', 'E255G', 'E255D', 'E255V', 'E255A', 'E255R', 'E255S', 'E255K', 'E255N', 'E255M', 'E255I', 'E255T', 'E255W', 'E255X', 'E255C', 'E255Y', 'E255L', 'E255F', 'E255Q', 'E255H', 'E255P', 'N256G', 'N256E', 'N256D', 'N256V', 'N256A', 'N256R', 'N256S', 'N256K', 'N256M', 'N256I', 'N256T', 'N256W', 'N256X', 'N256C', 'N256Y', 'N256L', 'N256F', 'N256Q', 'N256H', 'N256P', 'G257E', 'G257D', 'G257V', 'G257A', 'G257R', 'G257S', 'G257K', 'G257N', 'G257M', 'G257I', 'G257T', 'G257W', 'G257X', 'G257C', 'G257Y', 'G257L', 'G257F', 'G257Q', 'G257H', 'G257P', 'C258G', 'C258E', 'C258D', 'C258V', 'C258A', 'C258R', 'C258S', 'C258K', 'C258N', 'C258M', 'C258I', 'C258T', 'C258W', 'C258X', 'C258Y', 'C258L', 'C258F', 'C258Q', 'C258H', 'C258P', 'Y259G', 'Y259E', 'Y259D', 'Y259V', 'Y259A', 'Y259R', 'Y259S', 'Y259K', 'Y259N', 'Y259M', 'Y259I', 'Y259T', 'Y259W', 'Y259X', 'Y259C', 'Y259L', 'Y259F', 'Y259Q', 'Y259H', 'Y259P', 'L260G', 'L260E', 'L260D', 'L260V', 'L260A', 'L260R', 'L260S', 'L260K', 'L260N', 'L260M', 'L260I', 'L260T', 'L260W', 'L260X', 'L260C', 'L260Y', 'L260F', 'L260Q', 'L260H', 'L260P', 'R261G', 'R261E', 'R261D', 'R261V', 'R261A', 'R261S', 'R261K', 'R261N', 'R261M', 'R261I', 'R261T', 'R261W', 'R261X', 'R261C', 'R261Y', 'R261L', 'R261F', 'R261Q', 'R261H', 'R261P', 'R262G', 'R262E', 'R262D', 'R262V', 'R262A', 'R262S', 'R262K', 'R262N', 'R262M', 'R262I', 'R262T', 'R262W', 'R262X', 'R262C', 'R262Y', 'R262L', 'R262F', 'R262Q', 'R262H', 'R262P', 'Q263G', 'Q263E', 'Q263D', 'Q263V', 'Q263A', 'Q263R', 'Q263S', 'Q263K', 'Q263N', 'Q263M', 'Q263I', 'Q263T', 'Q263W', 'Q263X', 'Q263C', 'Q263Y', 'Q263L', 'Q263F', 'Q263H', 'Q263P']",TCTCGCACTTGAAGCGCTTC,GCGCTTCAAGTGCGA,"[252, 253, 254, 255, 256, 257, 258, 259, 260, 261, 262, 263]",252,263,True,R261H
"[2521, 2524, 2527, 2530, 2533, 2536, 2539, 2542, 2545, 2548, 2551, 2554, 2557, 2560, 2563, 2566, 2569, 2572, 2575, 2578, 2703, 2706, 2709, 2712, 2715, 2718, 2721, 2724, 2727, 2730, 2733, 2736, 2739, 2742, 2745, 2748, 2751, 2754, 2757, 2760, 2763, 2766, 2769, 2772, 2775, 2778, 2781, 2784, 2787, 2790, 2793, 2796, 2799, 2802, 2805, 2808, 2811, 2814, 2817, 2820, 2823, 2826, 2829, 2832, 2835, 2838, 2841, 2844, 2847, 2850, 2853, 2856, 2859, 2862, 2865, 2868, 2871, 2874, 2877, 2880, 2882, 2885, 2888, 2891, 2894, 2897, 2900, 2903, 2906, 2909, 2912, 2915, 2918, 2921, 2924, 2927, 2930, 2933, 2936, 2939, 2942, 2945, 2948, 2951, 2954, 2957, 2960, 2963, 2966, 2969, 2972, 2975, 2978, 2981, 2984, 2987, 2990, 2993, 2996, 2999, 3003, 3006, 3009, 3012, 3015, 3018, 3021, 3024, 3027, 3030, 3033, 3036, 3039, 3042, 3045, 3048, 3051, 3054, 3057, 3060, 3063, 3066, 3069, 3072, 3075, 3078, 3081, 3084, 3087, 3090, 3093, 3096, 3099, 3102, 3105, 3108, 3111, 3114, 3117, 3120, 3123, 3126, 3129, 3132, 3135, 3138, 3141, 3144, 3147, 3150, 3153, 3156, 3159, 3162, 3165, 3168, 3171, 3174, 3177, 3180]",+,"['G257E', 'G257D', 'G257V', 'G257A', 'G257R', 'G257S', 'G257K', 'G257N', 'G257M', 'G257I', 'G257T', 'G257W', 'G257X', 'G257C', 'G257Y', 'G257L', 'G257F', 'G257Q', 'G257H', 'G257P', 'L260G', 'L260E', 'L260D', 'L260V', 'L260A', 'L260R', 'L260S', 'L260K', 'L260N', 'L260M', 'L260I', 'L260T', 'L260W', 'L260X', 'L260C', 'L260Y', 'L260F', 'L260Q', 'L260H', 'L260P', 'R261G', 'R261E', 'R261D', 'R261V', 'R261A', 'R261S', 'R261K', 'R261N', 'R261M', 'R261I', 'R261T', 'R261W', 'R261X', 'R261C', 'R261Y', 'R261L', 'R261F', 'R261Q', 'R261H', 'R261P', 'R262G', 'R262E', 'R262D', 'R262V', 'R262A', 'R262S', 'R262K', 'R262N', 'R262M', 'R262I', 'R262T', 'R262W', 'R262X', 'R262C', 'R262Y', 'R262L', 'R262F', 'R262Q', 'R262H', 'R262P', 'Q263G', 'Q263E', 'Q263D', 'Q263V', 'Q263A', 'Q263R', 'Q263S', 'Q263K', 'Q263N', 'Q263M', 'Q263I', 'Q263T', 'Q263W', 'Q263X', 'Q263C', 'Q263Y', 'Q263L', 'Q263F', 'Q263H', 'Q263P', 'K264G', 'K264E', 'K264D', 'K264V', 'K264A', 'K264R', 'K264S', 'K264N', 'K264M', 'K264I', 'K264T', 'K264W', 'K264X', 'K264C', 'K264Y', 'K264L', 'K264F', 'K264Q', 'K264H', 'K264P', 'R265G', 'R265E', 'R265D', 'R265V', 'R265A', 'R265S', 'R265K', 'R265N', 'R265M', 'R265I', 'R265T', 'R265W', 'R265X', 'R265C', 'R265Y', 'R265L', 'R265F', 'R265Q', 'R265H', 'R265P', 'F266G', 'F266E', 'F266D', 'F266V', 'F266A', 'F266R', 'F266S', 'F266K', 'F266N', 'F266M', 'F266I', 'F266T', 'F266W', 'F266X', 'F266C', 'F266Y', 'F266L', 'F266Q', 'F266H', 'F266P', 'K267G', 'K267E', 'K267D', 'K267V', 'K267A', 'K267R', 'K267S', 'K267N', 'K267M', 'K267I', 'K267T', 'K267W', 'K267X', 'K267C', 'K267Y', 'K267L', 'K267F', 'K267Q', 'K267H', 'K267P']",TCCGGCAACATGTTCGAGAA,TCGAACATGTTGCCG,"[257, 260, 261, 262, 263, 264, 265, 266, 267]",257,267,False,F266L
"[2883, 2886, 2889, 2892, 2895, 2898, 2901, 2904, 2907, 2910, 2913, 2916, 2919, 2922, 2925, 2928, 2931, 2934, 2937, 2940, 2943, 2946, 2949, 2952, 2955, 2958, 2961, 2964, 2967, 2970, 2973, 2976, 2979, 2982, 2985, 2988, 2991, 2994, 2997, 3000, 3002, 3005, 3008, 3011, 3014, 3017, 3020, 3023, 3026, 3029, 3032, 3035, 3038, 3041, 3044, 3047, 3050, 3053, 3056, 3059, 3062, 3065, 3068, 3071, 3074, 3077, 3080, 3083, 3086, 3089, 3092, 3095, 3098, 3101, 3104, 3107, 3110, 3113, 3116, 3119, 3122, 3125, 3128, 3131, 3134, 3137, 3140, 3143, 3146, 3149, 3152, 3155, 3158, 3161, 3164, 3167, 3170, 3173, 3176, 3179, 3182, 3184, 3186, 3188, 3190, 3192, 3194, 3196, 3198, 3200, 3202, 3204, 3206, 3208, 3210, 3212, 3214, 3216, 3218, 3220, 3222, 3224, 3226, 3228, 3230, 3232, 3234, 3236, 3238, 3240, 3242, 3244, 3246, 3248, 3250, 3252, 3254, 3256, 3258, 3260]",-,"['Q263G', 'Q263E', 'Q263D', 'Q263V', 'Q263A', 'Q263R', 'Q263S', 'Q263K', 'Q263N', 'Q263M', 'Q263I', 'Q263T', 'Q263W', 'Q263X', 'Q263C', 'Q263Y', 'Q263L', 'Q263F', 'Q263H', 'Q263P', 'K264G', 'K264E', 'K264D', 'K264V', 'K264A', 'K264R', 'K264S', 'K264N', 'K264M', 'K264I', 'K264T', 'K264W', 'K264X', 'K264C', 'K264Y', 'K264L', 'K264F', 'K264Q', 'K264H', 'K264P', 'R265G', 'R265E', 'R265D', 'R265V', 'R265A', 'R265S', 'R265K', 'R265N', 'R265M', 'R265I', 'R265T', 'R265W', 'R265X', 'R265C', 'R265Y', 'R265L', 'R265F', 'R265Q', 'R265H', 'R265P', 'F266G', 'F266E', 'F266D', 'F266V', 'F266A', 'F266R', 'F266S', 'F266K', 'F266N', 'F266M', 'F266I', 'F266T', 'F266W', 'F266X', 'F266C', 'F266Y', 'F266L', 'F266Q', 'F266H', 'F266P', 'K267G', 'K267E', 'K267D', 'K267V', 'K267A', 'K267R', 'K267S', 'K267N', 'K267M', 'K267I', 'K267T', 'K267W', 'K267X', 'K267C', 'K267Y', 'K267L', 'K267F', 'K267Q', 'K267H', 'K267P', 'C268G', 'C268E', 'C268D', 'C268V', 'C268A', 'C268R', 'C268S', 'C268K', 'C268N', 'C268M', 'C268I', 'C268T', 'C268W', 'C268X', 'C268Y', 'C268L', 'C268F', 'C268Q', 'C268H', 'C268P', 'E269G', 'E269D', 'E269V', 'E269A', 'E269R', 'E269S', 'E269K', 'E269N', 'E269M', 'E269I', 'E269T', 'E269W', 'E269X', 'E269C', 'E269Y', 'E269L', 'E269F', 'E269Q', 'E269H', 'E269P']",CCGCCCCCGCCGCCGGCCCC,GCCGGCGGCGGGGGC,"[263, 264, 265, 266, 267, 268, 269]",263,269,True,E269Q
"[2941, 2944, 2947, 2950, 2953, 2956, 2959, 2962, 2965, 2968, 2971, 2974, 2977, 2980, 2983, 2986, 2989, 2992, 2995, 2998, 3001, 3004, 3007, 3010, 3013, 3016, 3019, 3022, 3025, 3028, 3031, 3034, 3037, 3040, 3043, 3046, 3049, 3052, 3055, 3058, 3061, 3064, 3067, 3070, 3073, 3076, 3079, 3082, 3085, 3088, 3091, 3094, 3097, 3100, 3103, 3106, 3109, 3112, 3115, 3118, 3121, 3124, 3127, 3130, 3133, 3136, 3139, 3142, 3145, 3148, 3151, 3154, 3157, 3160, 3163, 3166, 3169, 3172, 3175, 3178, 3181, 3183, 3185, 3187, 3189, 3191, 3193, 3195, 3197, 3199, 3201, 3203, 3205, 3207, 3209, 3211, 3213, 3215, 3217, 3219, 3221, 3223, 3225, 3227, 3229, 3231, 3233, 3235, 3237, 3239, 3241, 3243, 3245, 3247, 3249, 3251, 3253, 3255, 3257, 3259]",-,"['K264G', 'K264E', 'K264D', 'K264V', 'K264A', 'K264R', 'K264S', 'K264N', 'K264M', 'K264I', 'K264T', 'K264W', 'K264X', 'K264C', 'K264Y', 'K264L', 'K264F', 'K264Q', 'K264H', 'K264P', 'R265G', 'R265E', 'R265D', 'R265V', 'R265A', 'R265S', 'R265K', 'R265N', 'R265M', 'R265I', 'R265T', 'R265W', 'R265X', 'R265C', 'R265Y', 'R265L', 'R265F', 'R265Q', 'R265H', 'R265P', 'F266G', 'F266E', 'F266D', 'F266V', 'F266A', 'F266R', 'F266S', 'F266K', 'F266N', 'F266M', 'F266I', 'F266T', 'F266W', 'F266X', 'F266C', 'F266Y', 'F266L', 'F266Q', 'F266H', 'F266P', 'K267G', 'K267E', 'K267D', 'K267V', 'K267A', 'K267R', 'K267S', 'K267N', 'K267M', 'K267I', 'K267T', 'K267W', 'K267X', 'K267C', 'K267Y', 'K267L', 'K267F', 'K267Q', 'K267H', 'K267P', 'C268G', 'C268E', 'C268D', 'C268V', 'C268A', 'C268R', 'C268S', 'C268K', 'C268N', 'C268M', 'C268I', 'C268T', 'C268W', 'C268X', 'C268Y', 'C268L', 'C268F', 'C268Q', 'C268H', 'C268P', 'E269G', 'E269D', 'E269V', 'E269A', 'E269R', 'E269S', 'E269K', 'E269N', 'E269M', 'E269I', 'E269T', 'E269W', 'E269X', 'E269C', 'E269Y', 'E269L', 'E269F', 'E269Q', 'E269H', 'E269P']",TCCGCTCCCGCCCCCGCCGC,GCGGGGGCGGGAGCG,"[264, 265, 266, 267, 268, 269]",264,269,True,K267Q
