pegRNA_number,gRNA_type,Strand,Edit,Spacer_sequence,Scaffold_sequence,RTT_sequence,PBS_sequence,Linker_sequence,Motif_sequence,Target_name,Target_sequence,Spacer_GC_content,PAM_sequence,Extension_sequence,Annotation,pegRNA-to-edit_distance,Nick_index,ngRNA-to-pegRNA_distance,PBS_length,PBS_GC_content,RTT_length,RTT_GC_content,First_extension_nucleotide
271,pegRNA,-,I218T,GAAGGACAGCGAGTGGCGGA,GTTTAAGAGCTATGCTGGAAACAGCATAGCAAGTTTAAATAAGGCTAGTCCGTTATCAACTTGGCTGAATGCCTGCGAGCATCCCACCCAAGTGGCACCGAGTCGGTGC,GCAGAACagcaccC,GCCACTCGCTGTCCT,AATACCTG,CGCGGTTCTATCTAGTTACGCGTTAAACCAACTAGAA,FOXA1_a3_wing2_5_ItoT,CAGCAGGCGCCCAGCAAGATGCTCACGCTGAGCGAGATCTACCAGTGGATCATGGACCTCTTCCCCTATTACCGGCAGAACCAGCAGCGCTGGCAGAACTCC(ATC/ACC)CGCCACTCGCTGTCCTTCAATGACTGCTTCGTCAAGGTGGCACGCTCCCCGGACAAGCCGGGCAAGGGCTCCTACTGGACGCTGCACCCGGACTCCGGCAACATGTTCGAGAACGGCTGCTACTTGCGCCGCCAGAAGCGCTTCAAGTGCGAGAAGCAGCCGGGGGCCGGCGGCGGGGGCGGGAGCGGAAGCGGGGGCAGCGGCGCCAAGGGCGGCCCTGAGAGCCGCAAGGACCCCTCTGGC,0.65,TGG-to-tgc,GCAGAACagcaccCGCCACTCGCTGTCCT,PAM_disrupted_silent_mutation,4.0,106,,15.0,0.67,14.0,0.64,G
316,pegRNA,-,R219S,CATTGAAGGACAGCGAGTGG,GTTTAAGAGCTATGCTGGAAACAGCATAGCAAGTTTAAATAAGGCTAGTCCGTTATCAACTTGGCTGAATGCCTGCGAGCATCCCACCCAAGTGGCACCGAGTCGGTGC,GAACTCCATCagcCA,CTCGCTGTCCTTCAA,CACCCTTG,CGCGGTTCTATCTAGTTACGCGTTAAACCAACTAGAA,FOXA1_a3_wing2_6_RtoS,CAGCAGGCGCCCAGCAAGATGCTCACGCTGAGCGAGATCTACCAGTGGATCATGGACCTCTTCCCCTATTACCGGCAGAACCAGCAGCGCTGGCAGAACTCCATC(CGC/AGC)CACTCGCTGTCCTTCAATGACTGCTTCGTCAAGGTGGCACGCTCCCCGGACAAGCCGGGCAAGGGCTCCTACTGGACGCTGCACCCGGACTCCGGCAACATGTTCGAGAACGGCTGCTACTTGCGCCGCCAGAAGCGCTTCAAGTGCGAGAAGCAGCCGGGGGCCGGCGGCGGGGGCGGGAGCGGAAGCGGGGGCAGCGGCGCCAAGGGCGGCCCTGAGAGCCGCAAGGACCCCTCTGGC,0.55,CGG,GAACTCCATCagcCACTCGCTGTCCTTCAA,PAM_disrupted,5.0,110,,15.0,0.53,15.0,0.53,G
417,pegRNA,+,H220Q,ACCGGCAGAACCAGCAGCGC,GTTTAAGAGCTATGCTGGAAACAGCATAGCAAGTTTAAATAAGGCTAGTCCGTTATCAACTTGGCTGAATGCCTGCGAGCATCCCACCCAAGTGGCACCGAGTCGGTGC,AGGACAGCGActgGCGGATGGAGTTCTGCCAGCG,CTGCTGGTTCTGCCG,TTACATAC,CGCGGTTCTATCTAGTTACGCGTTAAACCAACTAGAA,FOXA1_a3_wing2_7_HtoQ,CAGCAGGCGCCCAGCAAGATGCTCACGCTGAGCGAGATCTACCAGTGGATCATGGACCTCTTCCCCTATTACCGGCAGAACCAGCAGCGCTGGCAGAACTCCATCCGC(CAC/CAG)TCGCTGTCCTTCAATGACTGCTTCGTCAAGGTGGCACGCTCCCCGGACAAGCCGGGCAAGGGCTCCTACTGGACGCTGCACCCGGACTCCGGCAACATGTTCGAGAACGGCTGCTACTTGCGCCGCCAGAAGCGCTTCAAGTGCGAGAAGCAGCCGGGGGCCGGCGGCGGGGGCGGGAGCGGAAGCGGGGGCAGCGGCGCCAAGGGCGGCCCTGAGAGCCGCAAGGACCCCTCTGGC,0.7,TGG,AGGACAGCGActgGCGGATGGAGTTCTGCCAGCGCTGCTGGTTCTGCCG,PAM_intact,24.0,87,,15.0,0.67,34.0,0.65,A
341,pegRNA,-,R219C,AGTCATTGAAGGACAGCGAG,GTTTAAGAGCTATGCTGGAAACAGCATAGCAAGTTTAAATAAGGCTAGTCCGTTATCAACTTGGCTGAATGCCTGCGAGCATCCCACCCAAGTGGCACCGAGTCGGTGC,GAACTCCATCtgtCACTC,GCTGTCCTTCAATGA,AATCCTTT,CGCGGTTCTATCTAGTTACGCGTTAAACCAACTAGAA,FOXA1_a3_wing2_6_RtoC,CAGCAGGCGCCCAGCAAGATGCTCACGCTGAGCGAGATCTACCAGTGGATCATGGACCTCTTCCCCTATTACCGGCAGAACCAGCAGCGCTGGCAGAACTCCATC(CGC/TGC)CACTCGCTGTCCTTCAATGACTGCTTCGTCAAGGTGGCACGCTCCCCGGACAAGCCGGGCAAGGGCTCCTACTGGACGCTGCACCCGGACTCCGGCAACATGTTCGAGAACGGCTGCTACTTGCGCCGCCAGAAGCGCTTCAAGTGCGAGAAGCAGCCGGGGGCCGGCGGCGGGGGCGGGAGCGGAAGCGGGGGCAGCGGCGCCAAGGGCGGCCCTGAGAGCCGCAAGGACCCCTCTGGC,0.5,TGG-to-tga,GAACTCCATCtgtCACTCGCTGTCCTTCAATGA,PAM_disrupted_silent_mutation,8.0,113,,15.0,0.47,18.0,0.5,G
589,pegRNA,-,F224L,CTTGACGAAGCAGTCATTGA,GTTTAAGAGCTATGCTGGAAACAGCATAGCAAGTTTAAATAAGGCTAGTCCGTTATCAACTTGGCTGAATGCCTGCGAGCATCCCACCCAAGTGGCACCGAGTCGGTGC,CTCGCTGagcctgA,ATGACTGCTTCGTCA,CCCTATTA,CGCGGTTCTATCTAGTTACGCGTTAAACCAACTAGAA,FOXA1_a3_wing2_11_FtoL,CAGCAGGCGCCCAGCAAGATGCTCACGCTGAGCGAGATCTACCAGTGGATCATGGACCTCTTCCCCTATTACCGGCAGAACCAGCAGCGCTGGCAGAACTCCATCCGCCACTCGCTGTCC(TTC/CTG)AATGACTGCTTCGTCAAGGTGGCACGCTCCCCGGACAAGCCGGGCAAGGGCTCCTACTGGACGCTGCACCCGGACTCCGGCAACATGTTCGAGAACGGCTGCTACTTGCGCCGCCAGAAGCGCTTCAAGTGCGAGAAGCAGCCGGGGGCCGGCGGCGGGGGCGGGAGCGGAAGCGGGGGCAGCGGCGCCAAGGGCGGCCCTGAGAGCCGCAAGGACCCCTCTGGC,0.45,AGG-to-ggc,CTCGCTGagcctgAATGACTGCTTCGTCA,PAM_disrupted_silent_mutation,4.0,124,,15.0,0.47,14.0,0.64,C
1181,pegRNA,-,S234C,AGCCCTTGCCCGGCTTGTCC,GTTTAAGAGCTATGCTGGAAACAGCATAGCAAGTTTAAATAAGGCTAGTCCGTTATCAACTTGGCTGAATGCCTGCGAGCATCCCACCCAAGTGGCACCGAGTCGGTGC,GGTGGCACGCtgtCCGGA,CAAGCCGGGCAAGGG,AAAGGAGG,CGCGGTTCTATCTAGTTACGCGTTAAACCAACTAGAA,FOXA1_a3_wing2_21_StoC,CAGCAGGCGCCCAGCAAGATGCTCACGCTGAGCGAGATCTACCAGTGGATCATGGACCTCTTCCCCTATTACCGGCAGAACCAGCAGCGCTGGCAGAACTCCATCCGCCACTCGCTGTCCTTCAATGACTGCTTCGTCAAGGTGGCACGC(TCC/TGC)CCGGACAAGCCGGGCAAGGGCTCCTACTGGACGCTGCACCCGGACTCCGGCAACATGTTCGAGAACGGCTGCTACTTGCGCCGCCAGAAGCGCTTCAAGTGCGAGAAGCAGCCGGGGGCCGGCGGCGGGGGCGGGAGCGGAAGCGGGGGCAGCGGCGCCAAGGGCGGCCCTGAGAGCCGCAAGGACCCCTCTGGC,0.7,GGG-to-gga,GGTGGCACGCtgtCCGGACAAGCCGGGCAAGGG,PAM_disrupted_silent_mutation,8.0,158,,15.0,0.73,18.0,0.72,G
1008,pegRNA,-,V231L,GCCCTTGCCCGGCTTGTCCG,GTTTAAGAGCTATGCTGGAAACAGCATAGCAAGTTTAAATAAGGCTAGTCCGTTATCAACTTGGCTGAATGCCTGCGAGCATCCCACCCAAGTGGCACCGAGTCGGTGC,CTTCGTCAAGctgGCACGCagcCCGG,ACAAGCCGGGCAAGG,ATATTATA,CGCGGTTCTATCTAGTTACGCGTTAAACCAACTAGAA,FOXA1_a3_wing2_18_VtoL,CAGCAGGCGCCCAGCAAGATGCTCACGCTGAGCGAGATCTACCAGTGGATCATGGACCTCTTCCCCTATTACCGGCAGAACCAGCAGCGCTGGCAGAACTCCATCCGCCACTCGCTGTCCTTCAATGACTGCTTCGTCAAG(GTG/CTG)GCACGCTCCCCGGACAAGCCGGGCAAGGGCTCCTACTGGACGCTGCACCCGGACTCCGGCAACATGTTCGAGAACGGCTGCTACTTGCGCCGCCAGAAGCGCTTCAAGTGCGAGAAGCAGCCGGGGGCCGGCGGCGGGGGCGGGAGCGGAAGCGGGGGCAGCGGCGCCAAGGGCGGCCCTGAGAGCCGCAAGGACCCCTCTGGC,0.75,GGG-to-ggc,CTTCGTCAAGctgGCACGCagcCCGGACAAGCCGGGCAAGG,PAM_disrupted_silent_mutation,16.0,157,,15.0,0.67,26.0,0.69,C
870,pegRNA,-,V229I,GAGCCCTTGCCCGGCTTGTC,GTTTAAGAGCTATGCTGGAAACAGCATAGCAAGTTTAAATAAGGCTAGTCCGTTATCAACTTGGCTGAATGCCTGCGAGCATCCCACCCAAGTGGCACCGAGTCGGTGC,TGACTGCTTCatcAAGGTGGCACGCTCCCCGGAC,AAGCCGGGCAAGGGC,ATAATAAA,CGCGGTTCTATCTAGTTACGCGTTAAACCAACTAGAA,FOXA1_a3_wing2_16_VtoI,CAGCAGGCGCCCAGCAAGATGCTCACGCTGAGCGAGATCTACCAGTGGATCATGGACCTCTTCCCCTATTACCGGCAGAACCAGCAGCGCTGGCAGAACTCCATCCGCCACTCGCTGTCCTTCAATGACTGCTTC(GTC/ATC)AAGGTGGCACGCTCCCCGGACAAGCCGGGCAAGGGCTCCTACTGGACGCTGCACCCGGACTCCGGCAACATGTTCGAGAACGGCTGCTACTTGCGCCGCCAGAAGCGCTTCAAGTGCGAGAAGCAGCCGGGGGCCGGCGGCGGGGGCGGGAGCGGAAGCGGGGGCAGCGGCGCCAAGGGCGGCCCTGAGAGCCGCAAGGACCCCTCTGGC,0.7,CGG,TGACTGCTTCatcAAGGTGGCACGCTCCCCGGACAAGCCGGGCAAGGGC,PAM_intact,24.0,159,,15.0,0.73,34.0,0.62,T
1031,pegRNA,+,A232V,CTTCAATGACTGCTTCGTCA,GTTTAAGAGCTATGCTGGAAACAGCATAGCAAGTTTAAATAAGGCTAGTCCGTTATCAACTTGGCTGAATGCCTGCGAGCATCCCACCCAAGTGGCACCGAGTCGGTGC,CCGGGGAGCGcacCACtttGA,CGAAGCAGTCATTGA,CATAATTC,CGCGGTTCTATCTAGTTACGCGTTAAACCAACTAGAA,FOXA1_a3_wing2_19_AtoV,CAGCAGGCGCCCAGCAAGATGCTCACGCTGAGCGAGATCTACCAGTGGATCATGGACCTCTTCCCCTATTACCGGCAGAACCAGCAGCGCTGGCAGAACTCCATCCGCCACTCGCTGTCCTTCAATGACTGCTTCGTCAAGGTG(GCA/GTG)CGCTCCCCGGACAAGCCGGGCAAGGGCTCCTACTGGACGCTGCACCCGGACTCCGGCAACATGTTCGAGAACGGCTGCTACTTGCGCCGCCAGAAGCGCTTCAAGTGCGAGAAGCAGCCGGGGGCCGGCGGCGGGGGCGGGAGCGGAAGCGGGGGCAGCGGCGCCAAGGGCGGCCCTGAGAGCCGCAAGGACCCCTCTGGC,0.45,AGG-to-aag,CCGGGGAGCGcacCACtttGACGAAGCAGTCATTGA,PAM_disrupted_silent_mutation,11.0,136,,15.0,0.47,21.0,0.67,C
1191,pegRNA,+,S234F,CAATGACTGCTTCGTCAAGG,GTTTAAGAGCTATGCTGGAAACAGCATAGCAAGTTTAAATAAGGCTAGTCCGTTATCAACTTGGCTGAATGCCTGCGAGCATCCCACCCAAGTGGCACCGAGTCGGTGC,GCTTGTCCGGgaaGCGTGCgacCT,TGACGAAGCAGTCAT,CCATATAT,CGCGGTTCTATCTAGTTACGCGTTAAACCAACTAGAA,FOXA1_a3_wing2_21_StoF,CAGCAGGCGCCCAGCAAGATGCTCACGCTGAGCGAGATCTACCAGTGGATCATGGACCTCTTCCCCTATTACCGGCAGAACCAGCAGCGCTGGCAGAACTCCATCCGCCACTCGCTGTCCTTCAATGACTGCTTCGTCAAGGTGGCACGC(TCC/TTC)CCGGACAAGCCGGGCAAGGGCTCCTACTGGACGCTGCACCCGGACTCCGGCAACATGTTCGAGAACGGCTGCTACTTGCGCCGCCAGAAGCGCTTCAAGTGCGAGAAGCAGCCGGGGGCCGGCGGCGGGGGCGGGAGCGGAAGCGGGGGCAGCGGCGCCAAGGGCGGCCCTGAGAGCCGCAAGGACCCCTCTGGC,0.5,TGG-to-tcg,GCTTGTCCGGgaaGCGTGCgacCTTGACGAAGCAGTCAT,PAM_disrupted_silent_mutation,14.0,139,,15.0,0.47,24.0,0.67,G
1282,pegRNA,+,D236N,CGTCAAGGTGGCACGCTCCC,GTTTAAGAGCTATGCTGGAAACAGCATAGCAAGTTTAAATAAGGCTAGTCCGTTATCAACTTGGCTGAATGCCTGCGAGCATCCCACCCAAGTGGCACCGAGTCGGTGC,TGCCCGGCTTgttCGGGG,AGCGTGCCACCTTGA,AATAAATG,CGCGGTTCTATCTAGTTACGCGTTAAACCAACTAGAA,FOXA1_a3_wing2_23_DtoN,CAGCAGGCGCCCAGCAAGATGCTCACGCTGAGCGAGATCTACCAGTGGATCATGGACCTCTTCCCCTATTACCGGCAGAACCAGCAGCGCTGGCAGAACTCCATCCGCCACTCGCTGTCCTTCAATGACTGCTTCGTCAAGGTGGCACGCTCCCCG(GAC/AAC)AAGCCGGGCAAGGGCTCCTACTGGACGCTGCACCCGGACTCCGGCAACATGTTCGAGAACGGCTGCTACTTGCGCCGCCAGAAGCGCTTCAAGTGCGAGAAGCAGCCGGGGGCCGGCGGCGGGGGCGGGAGCGGAAGCGGGGGCAGCGGCGCCAAGGGCGGCCCTGAGAGCCGCAAGGACCCCTCTGGC,0.7,CGG,TGCCCGGCTTgttCGGGGAGCGTGCCACCTTGA,PAM_disrupted,8.0,151,,15.0,0.6,18.0,0.72,T
1723,pegRNA,-,Y243C,GTCCGGGTGCAGCGTCCAGT,GTTTAAGAGCTATGCTGGAAACAGCATAGCAAGTTTAAATAAGGCTAGTCCGTTATCAACTTGGCTGAATGCCTGCGAGCATCCCACCCAAGTGGCACCGAGTCGGTGC,CAAGGGCagctgcT,GGACGCTGCACCCGG,TTAAATAG,CGCGGTTCTATCTAGTTACGCGTTAAACCAACTAGAA,FOXA1_a3_wing2_30_YtoC,CAGCAGGCGCCCAGCAAGATGCTCACGCTGAGCGAGATCTACCAGTGGATCATGGACCTCTTCCCCTATTACCGGCAGAACCAGCAGCGCTGGCAGAACTCCATCCGCCACTCGCTGTCCTTCAATGACTGCTTCGTCAAGGTGGCACGCTCCCCGGACAAGCCGGGCAAGGGCTCC(TAC/TGC)TGGACGCTGCACCCGGACTCCGGCAACATGTTCGAGAACGGCTGCTACTTGCGCCGCCAGAAGCGCTTCAAGTGCGAGAAGCAGCCGGGGGCCGGCGGCGGGGGCGGGAGCGGAAGCGGGGGCAGCGGCGCCAAGGGCGGCCCTGAGAGCCGCAAGGACCCCTCTGGC,0.7,AGG-to-agc,CAAGGGCagctgcTGGACGCTGCACCCGG,PAM_disrupted_silent_mutation,4.0,181,,15.0,0.8,14.0,0.64,C
1400,pegRNA,-,P238S,GTCCAGTAGGAGCCCTTGCC,GTTTAAGAGCTATGCTGGAAACAGCATAGCAAGTTTAAATAAGGCTAGTCCGTTATCAACTTGGCTGAATGCCTGCGAGCATCCCACCCAAGTGGCACCGAGTCGGTGC,CCCGGACAAGagcGGC,AAGGGCTCCTACTGG,TTGAGAAA,CGCGGTTCTATCTAGTTACGCGTTAAACCAACTAGAA,FOXA1_a3_wing2_25_PtoS,CAGCAGGCGCCCAGCAAGATGCTCACGCTGAGCGAGATCTACCAGTGGATCATGGACCTCTTCCCCTATTACCGGCAGAACCAGCAGCGCTGGCAGAACTCCATCCGCCACTCGCTGTCCTTCAATGACTGCTTCGTCAAGGTGGCACGCTCCCCGGACAAG(CCG/AGC)GGCAAGGGCTCCTACTGGACGCTGCACCCGGACTCCGGCAACATGTTCGAGAACGGCTGCTACTTGCGCCGCCAGAAGCGCTTCAAGTGCGAGAAGCAGCCGGGGGCCGGCGGCGGGGGCGGGAGCGGAAGCGGGGGCAGCGGCGCCAAGGGCGGCCCTGAGAGCCGCAAGGACCCCTCTGGC,0.65,CGG,CCCGGACAAGagcGGCAAGGGCTCCTACTGG,PAM_disrupted,6.0,168,,15.0,0.6,16.0,0.75,C
1665,pegRNA,+,S242Y,GGCACGCTCCCCGGACAAGC,GTTTAAGAGCTATGCTGGAAACAGCATAGCAAGTTTAAATAAGGCTAGTCCGTTATCAACTTGGCTGAATGCCTGCGAGCATCCCACCCAAGTGGCACCGAGTCGGTGC,GCGTCCAGTAgtaGCCCTTGCCgggCT,TGTCCGGGGAGCGTG,GAGAAATT,CGCGGTTCTATCTAGTTACGCGTTAAACCAACTAGAA,FOXA1_a3_wing2_29_StoY,CAGCAGGCGCCCAGCAAGATGCTCACGCTGAGCGAGATCTACCAGTGGATCATGGACCTCTTCCCCTATTACCGGCAGAACCAGCAGCGCTGGCAGAACTCCATCCGCCACTCGCTGTCCTTCAATGACTGCTTCGTCAAGGTGGCACGCTCCCCGGACAAGCCGGGCAAGGGC(TCC/TAC)TACTGGACGCTGCACCCGGACTCCGGCAACATGTTCGAGAACGGCTGCTACTTGCGCCGCCAGAAGCGCTTCAAGTGCGAGAAGCAGCCGGGGGCCGGCGGCGGGGGCGGGAGCGGAAGCGGGGGCAGCGGCGCCAAGGGCGGCCCTGAGAGCCGCAAGGACCCCTCTGGC,0.75,CGG-to-ccg,GCGTCCAGTAgtaGCCCTTGCCgggCTTGTCCGGGGAGCGTG,PAM_disrupted_silent_mutation,17.0,160,,15.0,0.73,27.0,0.67,G
1444,pegRNA,+,G239D,GCACGCTCCCCGGACAAGCC,GTTTAAGAGCTATGCTGGAAACAGCATAGCAAGTTTAAATAAGGCTAGTCCGTTATCAACTTGGCTGAATGCCTGCGAGCATCCCACCCAAGTGGCACCGAGTCGGTGC,AGGAGCCCTTgtcCGGC,TTGTCCGGGGAGCGT,ATAATGAG,CGCGGTTCTATCTAGTTACGCGTTAAACCAACTAGAA,FOXA1_a3_wing2_26_GtoD,CAGCAGGCGCCCAGCAAGATGCTCACGCTGAGCGAGATCTACCAGTGGATCATGGACCTCTTCCCCTATTACCGGCAGAACCAGCAGCGCTGGCAGAACTCCATCCGCCACTCGCTGTCCTTCAATGACTGCTTCGTCAAGGTGGCACGCTCCCCGGACAAGCCG(GGC/GAC)AAGGGCTCCTACTGGACGCTGCACCCGGACTCCGGCAACATGTTCGAGAACGGCTGCTACTTGCGCCGCCAGAAGCGCTTCAAGTGCGAGAAGCAGCCGGGGGCCGGCGGCGGGGGCGGGAGCGGAAGCGGGGGCAGCGGCGCCAAGGGCGGCCCTGAGAGCCGCAAGGACCCCTCTGGC,0.75,GGG,AGGAGCCCTTgtcCGGCTTGTCCGGGGAGCGT,PAM_disrupted,7.0,161,,15.0,0.67,17.0,0.71,A
1977,pegRNA,+,H247Q,CTCCCCGGACAAGCCGGGCA,GTTTAAGAGCTATGCTGGAAACAGCATAGCAAGTTTAAATAAGGCTAGTCCGTTATCAACTTGGCTGAATGCCTGCGAGCATCCCACCCAAGTGGCACCGAGTCGGTGC,CGGAGTCCGGctgCAGCGTCCAGTAGGAGCCtttGC,CCGGCTTGTCCGGGG,TACTAATG,CGCGGTTCTATCTAGTTACGCGTTAAACCAACTAGAA,FOXA1_a3_wing2_34_HtoQ,CAGCAGGCGCCCAGCAAGATGCTCACGCTGAGCGAGATCTACCAGTGGATCATGGACCTCTTCCCCTATTACCGGCAGAACCAGCAGCGCTGGCAGAACTCCATCCGCCACTCGCTGTCCTTCAATGACTGCTTCGTCAAGGTGGCACGCTCCCCGGACAAGCCGGGCAAGGGCTCCTACTGGACGCTG(CAC/CAG)CCGGACTCCGGCAACATGTTCGAGAACGGCTGCTACTTGCGCCGCCAGAAGCGCTTCAAGTGCGAGAAGCAGCCGGGGGCCGGCGGCGGGGGCGGGAGCGGAAGCGGGGGCAGCGGCGCCAAGGGCGGCCCTGAGAGCCGCAAGGACCCCTCTGGC,0.75,AGG-to-aag,CGGAGTCCGGctgCAGCGTCCAGTAGGAGCCtttGCCCGGCTTGTCCGGGG,PAM_disrupted_silent_mutation,26.0,166,,15.0,0.8,36.0,0.67,C
1600,pegRNA,+,G241C,TCCCCGGACAAGCCGGGCAA,GTTTAAGAGCTATGCTGGAAACAGCATAGCAAGTTTAAATAAGGCTAGTCCGTTATCAACTTGGCTGAATGCCTGCGAGCATCCCACCCAAGTGGCACCGAGTCGGTGC,TCCAGTAGGAgcaCTTG,CCCGGCTTGTCCGGG,AATTAATA,CGCGGTTCTATCTAGTTACGCGTTAAACCAACTAGAA,FOXA1_a3_wing2_28_GtoC,CAGCAGGCGCCCAGCAAGATGCTCACGCTGAGCGAGATCTACCAGTGGATCATGGACCTCTTCCCCTATTACCGGCAGAACCAGCAGCGCTGGCAGAACTCCATCCGCCACTCGCTGTCCTTCAATGACTGCTTCGTCAAGGTGGCACGCTCCCCGGACAAGCCGGGCAAG(GGC/TGC)TCCTACTGGACGCTGCACCCGGACTCCGGCAACATGTTCGAGAACGGCTGCTACTTGCGCCGCCAGAAGCGCTTCAAGTGCGAGAAGCAGCCGGGGGCCGGCGGCGGGGGCGGGAGCGGAAGCGGGGGCAGCGGCGCCAAGGGCGGCCCTGAGAGCCGCAAGGACCCCTCTGGC,0.7,GGG,TCCAGTAGGAgcaCTTGCCCGGCTTGTCCGGG,PAM_disrupted,7.0,167,,15.0,0.8,17.0,0.53,T
1780,pegRNA,+,W244C,AGCCGGGCAAGGGCTCCTAC,GTTTAAGAGCTATGCTGGAAACAGCATAGCAAGTTTAAATAAGGCTAGTCCGTTATCAACTTGGCTGAATGCCTGCGAGCATCCCACCCAAGTGGCACCGAGTCGGTGC,GGTGCAGCGTgcaGTA,GGAGCCCTTGCCCGG,AATTAGAT,CGCGGTTCTATCTAGTTACGCGTTAAACCAACTAGAA,FOXA1_a3_wing2_31_WtoC,CAGCAGGCGCCCAGCAAGATGCTCACGCTGAGCGAGATCTACCAGTGGATCATGGACCTCTTCCCCTATTACCGGCAGAACCAGCAGCGCTGGCAGAACTCCATCCGCCACTCGCTGTCCTTCAATGACTGCTTCGTCAAGGTGGCACGCTCCCCGGACAAGCCGGGCAAGGGCTCCTAC(TGG/TGC)ACGCTGCACCCGGACTCCGGCAACATGTTCGAGAACGGCTGCTACTTGCGCCGCCAGAAGCGCTTCAAGTGCGAGAAGCAGCCGGGGGCCGGCGGCGGGGGCGGGAGCGGAAGCGGGGGCAGCGGCGCCAAGGGCGGCCCTGAGAGCCGCAAGGACCCCTCTGGC,0.7,TGG,GGTGCAGCGTgcaGTAGGAGCCCTTGCCCGG,PAM_disrupted,6.0,177,,15.0,0.8,16.0,0.62,G
1936,pegRNA,-,H247R,CGAACATGTTGCCGGAGTCC,GTTTAAGAGCTATGCTGGAAACAGCATAGCAAGTTTAAATAAGGCTAGTCCGTTATCAACTTGGCTGAATGCCTGCGAGCATCCCACCCAAGTGGCACCGAGTCGGTGC,CTGGACGCTGcggCCGGA,CTCCGGCAACATGTT,ATTAATAT,CGCGGTTCTATCTAGTTACGCGTTAAACCAACTAGAA,FOXA1_a3_wing2_34_HtoR,CAGCAGGCGCCCAGCAAGATGCTCACGCTGAGCGAGATCTACCAGTGGATCATGGACCTCTTCCCCTATTACCGGCAGAACCAGCAGCGCTGGCAGAACTCCATCCGCCACTCGCTGTCCTTCAATGACTGCTTCGTCAAGGTGGCACGCTCCCCGGACAAGCCGGGCAAGGGCTCCTACTGGACGCTG(CAC/CGG)CCGGACTCCGGCAACATGTTCGAGAACGGCTGCTACTTGCGCCGCCAGAAGCGCTTCAAGTGCGAGAAGCAGCCGGGGGCCGGCGGCGGGGGCGGGAGCGGAAGCGGGGGCAGCGGCGCCAAGGGCGGCCCTGAGAGCCGCAAGGACCCCTCTGGC,0.6,GGG,CTGGACGCTGcggCCGGACTCCGGCAACATGTT,PAM_disrupted,8.0,197,,15.0,0.53,18.0,0.78,C
2149,pegRNA,-,S250F,GCCGTTCTCGAACATGTTGC,GTTTAAGAGCTATGCTGGAAACAGCATAGCAAGTTTAAATAAGGCTAGTCCGTTATCAACTTGGCTGAATGCCTGCGAGCATCCCACCCAAGTGGCACCGAGTCGGTGC,GCACCCGGACttcGGCA,ACATGTTCGAGAACG,TTAAACCT,CGCGGTTCTATCTAGTTACGCGTTAAACCAACTAGAA,FOXA1_a3_wing2_37_StoF,CAGCAGGCGCCCAGCAAGATGCTCACGCTGAGCGAGATCTACCAGTGGATCATGGACCTCTTCCCCTATTACCGGCAGAACCAGCAGCGCTGGCAGAACTCCATCCGCCACTCGCTGTCCTTCAATGACTGCTTCGTCAAGGTGGCACGCTCCCCGGACAAGCCGGGCAAGGGCTCCTACTGGACGCTGCACCCGGAC(TCC/TTC)GGCAACATGTTCGAGAACGGCTGCTACTTGCGCCGCCAGAAGCGCTTCAAGTGCGAGAAGCAGCCGGGGGCCGGCGGCGGGGGCGGGAGCGGAAGCGGGGGCAGCGGCGCCAAGGGCGGCCCTGAGAGCCGCAAGGACCCCTCTGGC,0.55,CGG,GCACCCGGACttcGGCAACATGTTCGAGAACG,PAM_disrupted,7.0,205,,15.0,0.47,17.0,0.71,G
2037,pegRNA,-,P248Q,TCGAACATGTTGCCGGAGTC,GTTTAAGAGCTATGCTGGAAACAGCATAGCAAGTTTAAATAAGGCTAGTCCGTTATCAACTTGGCTGAATGCCTGCGAGCATCCCACCCAAGTGGCACCGAGTCGGTGC,GACGCTGCACcagGAC,TCCGGCAACATGTTC,ATCTATCT,CGCGGTTCTATCTAGTTACGCGTTAAACCAACTAGAA,FOXA1_a3_wing2_35_PtoQ,CAGCAGGCGCCCAGCAAGATGCTCACGCTGAGCGAGATCTACCAGTGGATCATGGACCTCTTCCCCTATTACCGGCAGAACCAGCAGCGCTGGCAGAACTCCATCCGCCACTCGCTGTCCTTCAATGACTGCTTCGTCAAGGTGGCACGCTCCCCGGACAAGCCGGGCAAGGGCTCCTACTGGACGCTGCAC(CCG/CAG)GACTCCGGCAACATGTTCGAGAACGGCTGCTACTTGCGCCGCCAGAAGCGCTTCAAGTGCGAGAAGCAGCCGGGGGCCGGCGGCGGGGGCGGGAGCGGAAGCGGGGGCAGCGGCGCCAAGGGCGGCCCTGAGAGCCGCAAGGACCCCTCTGGC,0.55,CGG,GACGCTGCACcagGACTCCGGCAACATGTTC,PAM_disrupted,6.0,198,,15.0,0.53,16.0,0.69,G
2389,pegRNA,+,F254L,CTCCTACTGGACGCTGCACC,GTTTAAGAGCTATGCTGGAAACAGCATAGCAAGTTTAAATAAGGCTAGTCCGTTATCAACTTGGCTGAATGCCTGCGAGCATCCCACCCAAGTGGCACCGAGTCGGTGC,AGCCGTTCTCcagCATGTTGCCGGAGTCgggGT,GCAGCGTCCAGTAGG,AGAACATC,CGCGGTTCTATCTAGTTACGCGTTAAACCAACTAGAA,FOXA1_a3_wing2_41_FtoL,CAGCAGGCGCCCAGCAAGATGCTCACGCTGAGCGAGATCTACCAGTGGATCATGGACCTCTTCCCCTATTACCGGCAGAACCAGCAGCGCTGGCAGAACTCCATCCGCCACTCGCTGTCCTTCAATGACTGCTTCGTCAAGGTGGCACGCTCCCCGGACAAGCCGGGCAAGGGCTCCTACTGGACGCTGCACCCGGACTCCGGCAACATG(TTC/CTG)GAGAACGGCTGCTACTTGCGCCGCCAGAAGCGCTTCAAGTGCGAGAAGCAGCCGGGGGCCGGCGGCGGGGGCGGGAGCGGAAGCGGGGGCAGCGGCGCCAAGGGCGGCCCTGAGAGCCGCAAGGACCCCTCTGGC,0.65,CGG-to-ccg,AGCCGTTCTCcagCATGTTGCCGGAGTCgggGTGCAGCGTCCAGTAGG,PAM_disrupted_silent_mutation,23.0,190,,15.0,0.67,33.0,0.64,A
2165,pegRNA,+,G251D,TGGACGCTGCACCCGGACTC,GTTTAAGAGCTATGCTGGAAACAGCATAGCAAGTTTAAATAAGGCTAGTCCGTTATCAACTTGGCTGAATGCCTGCGAGCATCCCACCCAAGTGGCACCGAGTCGGTGC,CGAACATGTTgtcGGAG,TCCGGGTGCAGCGTC,AATTATAC,CGCGGTTCTATCTAGTTACGCGTTAAACCAACTAGAA,FOXA1_a3_wing2_38_GtoD,CAGCAGGCGCCCAGCAAGATGCTCACGCTGAGCGAGATCTACCAGTGGATCATGGACCTCTTCCCCTATTACCGGCAGAACCAGCAGCGCTGGCAGAACTCCATCCGCCACTCGCTGTCCTTCAATGACTGCTTCGTCAAGGTGGCACGCTCCCCGGACAAGCCGGGCAAGGGCTCCTACTGGACGCTGCACCCGGACTCC(GGC/GAC)AACATGTTCGAGAACGGCTGCTACTTGCGCCGCCAGAAGCGCTTCAAGTGCGAGAAGCAGCCGGGGGCCGGCGGCGGGGGCGGGAGCGGAAGCGGGGGCAGCGGCGCCAAGGGCGGCCCTGAGAGCCGCAAGGACCCCTCTGGC,0.7,CGG,CGAACATGTTgtcGGAGTCCGGGTGCAGCGTC,PAM_disrupted,7.0,197,,15.0,0.73,17.0,0.53,C
2800,pegRNA,-,R261C,CGCACTTGAAGCGCTTCTGG,GTTTAAGAGCTATGCTGGAAACAGCATAGCAAGTTTAAATAAGGCTAGTCCGTTATCAACTTGGCTGAATGCCTGCGAGCATCCCACCCAAGTGGCACCGAGTCGGTGC,CTGCTACTTGtgtCGCCA,GAAGCGCTTCAAGTG,AATATATG,CGCGGTTCTATCTAGTTACGCGTTAAACCAACTAGAA,FOXA1_a3_wing2_48_RtoC,CAGCAGGCGCCCAGCAAGATGCTCACGCTGAGCGAGATCTACCAGTGGATCATGGACCTCTTCCCCTATTACCGGCAGAACCAGCAGCGCTGGCAGAACTCCATCCGCCACTCGCTGTCCTTCAATGACTGCTTCGTCAAGGTGGCACGCTCCCCGGACAAGCCGGGCAAGGGCTCCTACTGGACGCTGCACCCGGACTCCGGCAACATGTTCGAGAACGGCTGCTACTTG(CGC/TGC)CGCCAGAAGCGCTTCAAGTGCGAGAAGCAGCCGGGGGCCGGCGGCGGGGGCGGGAGCGGAAGCGGGGGCAGCGGCGCCAAGGGCGGCCCTGAGAGCCGCAAGGACCCCTCTGGC,0.6,CGG-to-cga,CTGCTACTTGtgtCGCCAGAAGCGCTTCAAGTG,PAM_disrupted_silent_mutation,8.0,239,,15.0,0.53,18.0,0.56,C
2816,pegRNA,-,R261H,TCTCGCACTTGAAGCGCTTC,GTTTAAGAGCTATGCTGGAAACAGCATAGCAAGTTTAAATAAGGCTAGTCCGTTATCAACTTGGCTGAATGCCTGCGAGCATCCCACCCAAGTGGCACCGAGTCGGTGC,CTGCTACTTGcaccggCAGAA,GCGCTTCAAGTGCGA,ACATTATG,CGCGGTTCTATCTAGTTACGCGTTAAACCAACTAGAA,FOXA1_a3_wing2_48_RtoH,CAGCAGGCGCCCAGCAAGATGCTCACGCTGAGCGAGATCTACCAGTGGATCATGGACCTCTTCCCCTATTACCGGCAGAACCAGCAGCGCTGGCAGAACTCCATCCGCCACTCGCTGTCCTTCAATGACTGCTTCGTCAAGGTGGCACGCTCCCCGGACAAGCCGGGCAAGGGCTCCTACTGGACGCTGCACCCGGACTCCGGCAACATGTTCGAGAACGGCTGCTACTTG(CGC/CAC)CGCCAGAAGCGCTTCAAGTGCGAGAAGCAGCCGGGGGCCGGCGGCGGGGGCGGGAGCGGAAGCGGGGGCAGCGGCGCCAAGGGCGGCCCTGAGAGCCGCAAGGACCCCTCTGGC,0.55,TGG-to-tgc,CTGCTACTTGcaccggCAGAAGCGCTTCAAGTGCGA,PAM_disrupted_silent_mutation,11.0,242,,15.0,0.6,21.0,0.57,C
3111,pegRNA,+,F266L,TCCGGCAACATGTTCGAGAA,GTTTAAGAGCTATGCTGGAAACAGCATAGCAAGTTTAAATAAGGCTAGTCCGTTATCAACTTGGCTGAATGCCTGCGAGCATCCCACCCAAGTGGCACCGAGTCGGTGC,TCTCGCACTTcagGCGCTTCTGGCGGCGCAAGTAGCAGCCGTTC,TCGAACATGTTGCCG,TATCCCTA,CGCGGTTCTATCTAGTTACGCGTTAAACCAACTAGAA,FOXA1_a3_wing2_53_FtoL,CAGCAGGCGCCCAGCAAGATGCTCACGCTGAGCGAGATCTACCAGTGGATCATGGACCTCTTCCCCTATTACCGGCAGAACCAGCAGCGCTGGCAGAACTCCATCCGCCACTCGCTGTCCTTCAATGACTGCTTCGTCAAGGTGGCACGCTCCCCGGACAAGCCGGGCAAGGGCTCCTACTGGACGCTGCACCCGGACTCCGGCAACATGTTCGAGAACGGCTGCTACTTGCGCCGCCAGAAGCGC(TTC/CTG)AAGTGCGAGAAGCAGCCGGGGGCCGGCGGCGGGGGCGGGAGCGGAAGCGGGGGCAGCGGCGCCAAGGGCGGCCCTGAGAGCCGCAAGGACCCCTCTGGC,0.5,CGG,TCTCGCACTTcagGCGCTTCTGGCGGCGCAAGTAGCAGCCGTTCTCGAACATGTTGCCG,PAM_intact,34.0,215,,15.0,0.53,44.0,0.64,T
3256,pegRNA,-,E269Q,CCGCCCCCGCCGCCGGCCCC,GTTTAAGAGCTATGCTGGAAACAGCATAGCAAGTTTAAATAAGGCTAGTCCGTTATCAACTTGGCTGAATGCCTGCGAGCATCCCACCCAAGTGGCACCGAGTCGGTGC,CTTCAAGTGCcagAAGCAGCCGGGG,GCCGGCGGCGGGGGC,TAAATCAT,CGCGGTTCTATCTAGTTACGCGTTAAACCAACTAGAA,FOXA1_a3_wing2_56_EtoQ,CAGCAGGCGCCCAGCAAGATGCTCACGCTGAGCGAGATCTACCAGTGGATCATGGACCTCTTCCCCTATTACCGGCAGAACCAGCAGCGCTGGCAGAACTCCATCCGCCACTCGCTGTCCTTCAATGACTGCTTCGTCAAGGTGGCACGCTCCCCGGACAAGCCGGGCAAGGGCTCCTACTGGACGCTGCACCCGGACTCCGGCAACATGTTCGAGAACGGCTGCTACTTGCGCCGCCAGAAGCGCTTCAAGTGC(GAG/CAG)AAGCAGCCGGGGGCCGGCGGCGGGGGCGGGAGCGGAAGCGGGGGCAGCGGCGCCAAGGGCGGCCCTGAGAGCCGCAAGGACCCCTCTGGC,1.0,CGG,CTTCAAGTGCcagAAGCAGCCGGGGGCCGGCGGCGGGGGC,PAM_intact,15.0,270,,15.0,1.0,25.0,0.64,C
3172,pegRNA,-,K267Q,TCCGCTCCCGCCCCCGCCGC,GTTTAAGAGCTATGCTGGAAACAGCATAGCAAGTTTAAATAAGGCTAGTCCGTTATCAACTTGGCTGAATGCCTGCGAGCATCCCACCCAAGTGGCACCGAGTCGGTGC,GAAGCGCTTCcagTGCGAGAAGCAGCCGGGGgctGGCG,GCGGGGGCGGGAGCG,ATAATAAC,CGCGGTTCTATCTAGTTACGCGTTAAACCAACTAGAA,FOXA1_a3_wing2_54_KtoQ,CAGCAGGCGCCCAGCAAGATGCTCACGCTGAGCGAGATCTACCAGTGGATCATGGACCTCTTCCCCTATTACCGGCAGAACCAGCAGCGCTGGCAGAACTCCATCCGCCACTCGCTGTCCTTCAATGACTGCTTCGTCAAGGTGGCACGCTCCCCGGACAAGCCGGGCAAGGGCTCCTACTGGACGCTGCACCCGGACTCCGGCAACATGTTCGAGAACGGCTGCTACTTGCGCCGCCAGAAGCGCTTC(AAG/CAG)TGCGAGAAGCAGCCGGGGGCCGGCGGCGGGGGCGGGAGCGGAAGCGGGGGCAGCGGCGCCAAGGGCGGCCCTGAGAGCCGCAAGGACCCCTCTGGC,0.9,CGG-to-cag,GAAGCGCTTCcagTGCGAGAAGCAGCCGGGGgctGGCGGCGGGGGCGGGAGCG,PAM_disrupted_silent_mutation,28.0,277,,15.0,0.93,38.0,0.71,G
