Subpool Number,Forward Barcode,Reverse Barcode,Forward RE Name,Forward RE Sequence,Reverse RE Name,Reverse RE Sequence,Forward Homology Name,Forward Homology Sequence,Forward Homology Sequence Trim,Reverse Homology Name,Reverse Homology Sequence,Reverse Homology Sequence Trim,Forward RE Homology Sequence,Reverse RE Homology Sequence,Forward PCR Template,Reverse PCR Template,Forward PCR Primer ID,Forward PCR Primer Sequence,Reverse PCR Primer ID,Reverse PCR Primer Sequence,Forward PCR Primer NEB Tm,Reverse PCR Primer NEB Tm,PCR Primers NEB Ta,Forward PCR Primer IDT Tm,Reverse PCR Primer IDT Tm,Forward PCR Primer IDT Th,Reverse PCR Primer IDT Th
1,CCCAATCTAC,AGCAGTGAGT,Esp3I,CGTCTC,Esp3I,GAGACG,FOXA1-S165,GCAGC,GCCAAGACGTTCAAGCGCAGC,FOXA1-P205,CCCTA,CCCTATTACCGGCAGAACCAG,CGTCTCGCAGC,CCCTAGAGACG,CCCAATCTACCCCTAGAGACG,ACTCACTGCTCGTCTCTAGGG,MUZ254.25,CCCAATCTACCCCTAGAGACG,MUZ253.61,ACTCACTGCTCGTCTCTAGG,66,66,67,62.6,62.3,33.2,16.3
2,TTACTGACCC,GATTTGCGAC,Esp3I,CGTCTC,Esp3I,GAGACG,FOXA1-S165,GCAGC,GCCAAGACGTTCAAGCGCAGC,FOXA1-P205,CCCTA,CCCTATTACCGGCAGAACCAG,CGTCTCGCAGC,CCCTAGAGACG,TTACTGACCCCCCTAGAGACG,GTCGCAAATCCGTCTCTAGGG,MUZ254.26,TTACTGACCCCCCTAGAGAC,MUZ253.62,GTCGCAAATCCGTCTCTAGG,65,65,66,61.7,61.9,21.5,28.1
3,CGTCCAGTAA,GTTAGAGGTG,Esp3I,CGTCTC,Esp3I,GAGACG,FOXA1-S165,GCAGC,GCCAAGACGTTCAAGCGCAGC,FOXA1-P205,CCCTA,CCCTATTACCGGCAGAACCAG,CGTCTCGCAGC,CCCTAGAGACG,CGTCCAGTAACCCTAGAGACG,CACCTCTAACCGTCTCTAGGG,MUZ254.27,CGTCCAGTAACCCTAGAGAC,MUZ253.63,CACCTCTAACCGTCTCTAGG,64,64,65,60.5,60.2,22.4,32.8
4,GCATGTACGA,AGATGCTGAG,Esp3I,CGTCTC,Esp3I,GAGACG,FOXA1-S165,GCAGC,GCCAAGACGTTCAAGCGCAGC,FOXA1-P205,CCCTA,CCCTATTACCGGCAGAACCAG,CGTCTCGCAGC,CCCTAGAGACG,GCATGTACGACCCTAGAGACG,CTCAGCATCTCGTCTCTAGGG,MUZ254.28,GCATGTACGACCCTAGAGAC,MUZ253.64,CTCAGCATCTCGTCTCTAGG,64,64,65,61.1,60.6,6,4.1
5,TAGCAGCAGT,CGCTTATACC,Esp3I,CGTCTC,Esp3I,GAGACG,FOXA1-S165,GCAGC,GCCAAGACGTTCAAGCGCAGC,FOXA1-P205,CCCTA,CCCTATTACCGGCAGAACCAG,CGTCTCGCAGC,CCCTAGAGACG,TAGCAGCAGTCCCTAGAGACG,GGTATAAGCGCGTCTCTAGGG,MUZ254.29,TAGCAGCAGTCCCTAGAGAC,MUZ253.65,GGTATAAGCGCGTCTCTAGG,65,64,65,62.2,61.2,33,1.9
6,TCGGTAAGAG,CTGATCTTGG,Esp3I,CGTCTC,Esp3I,GAGACG,FOXA1-S165,GCAGC,GCCAAGACGTTCAAGCGCAGC,FOXA1-P205,CCCTA,CCCTATTACCGGCAGAACCAG,CGTCTCGCAGC,CCCTAGAGACG,TCGGTAAGAGCCCTAGAGACG,CCAAGATCAGCGTCTCTAGGG,MUZ254.30,TCGGTAAGAGCCCTAGAGAC,MUZ253.66,CCAAGATCAGCGTCTCTAGG,65,64,65,61.9,61.2,30.3,21.9
7,GCAGCCTTTT,AGTGTTCCTG,Esp3I,CGTCTC,Esp3I,GAGACG,FOXA1-S165,GCAGC,GCCAAGACGTTCAAGCGCAGC,FOXA1-P205,CCCTA,CCCTATTACCGGCAGAACCAG,CGTCTCGCAGC,CCCTAGAGACG,GCAGCCTTTTCCCTAGAGACG,CAGGAACACTCGTCTCTAGGG,MUZ254.31,GCAGCCTTTTCCCTAGAGAC,MUZ253.67,CAGGAACACTCGTCTCTAGG,65,64,65,62,60.7,15.9,8.8
8,GGGTAGATTG,AAGTCCGATC,Esp3I,CGTCTC,Esp3I,GAGACG,FOXA1-S165,GCAGC,GCCAAGACGTTCAAGCGCAGC,FOXA1-P205,CCCTA,CCCTATTACCGGCAGAACCAG,CGTCTCGCAGC,CCCTAGAGACG,GGGTAGATTGCCCTAGAGACG,GATCGGACTTCGTCTCTAGGG,MUZ254.32,GGGTAGATTGCCCTAGAGAC,MUZ253.68,GATCGGACTTCGTCTCTAGG,64,64,65,60.7,60.5,53.5,40.7
9,TTCTGCCTCT,AAAGGACTGC,Esp3I,CGTCTC,Esp3I,GAGACG,FOXA1-S165,GCAGC,GCCAAGACGTTCAAGCGCAGC,FOXA1-P205,CCCTA,CCCTATTACCGGCAGAACCAG,CGTCTCGCAGC,CCCTAGAGACG,TTCTGCCTCTCCCTAGAGACG,GCAGTCCTTTCGTCTCTAGGG,MUZ254.33,TTCTGCCTCTCCCTAGAGAC,MUZ253.69,GCAGTCCTTTCGTCTCTAGG,65,65,66,61.9,61.3,53.1,27.2
10,CATGACTCCA,TGTAACAGGC,Esp3I,CGTCTC,Esp3I,GAGACG,FOXA1-S165,GCAGC,GCCAAGACGTTCAAGCGCAGC,FOXA1-P205,CCCTA,CCCTATTACCGGCAGAACCAG,CGTCTCGCAGC,CCCTAGAGACG,CATGACTCCACCCTAGAGACG,GCCTGTTACACGTCTCTAGGG,MUZ254.34,CATGACTCCACCCTAGAGAC,MUZ253.70,GCCTGTTACACGTCTCTAGG,64,65,65,60.6,61.3,42.4,28.2
11,CACCCTAGTT,GTGGGTTAAC,Esp3I,CGTCTC,Esp3I,GAGACG,FOXA1-S165,GCAGC,GCCAAGACGTTCAAGCGCAGC,FOXA1-P205,CCCTA,CCCTATTACCGGCAGAACCAG,CGTCTCGCAGC,CCCTAGAGACG,CACCCTAGTTCCCTAGAGACG,GTTAACCCACCGTCTCTAGGG,MUZ254.35,CACCCTAGTTCCCTAGAGACG,MUZ253.71,GTTAACCCACCGTCTCTAGG,66,64,65,62.5,61.1,47.2,25.4
12,ACACAAGACG,CTAGAGGGAT,Esp3I,CGTCTC,Esp3I,GAGACG,FOXA1-S165,GCAGC,GCCAAGACGTTCAAGCGCAGC,FOXA1-P205,CCCTA,CCCTATTACCGGCAGAACCAG,CGTCTCGCAGC,CCCTAGAGACG,ACACAAGACGCCCTAGAGACG,ATCCCTCTAGCGTCTCTAGGG,MUZ254.36,ACACAAGACGCCCTAGAGAC,MUZ253.72,ATCCCTCTAGCGTCTCTAGG,66,65,66,63.1,61.4,16.5,45.4
1,CCCAATCTAC,AGCAGTGAGT,Esp3I,CGTCTC,Esp3I,GAGACG,FOXA1-W199,AGTGG,CTGAGCGAGATCTACCAGTGG,FOXA1-G239,GGCAA,GGCAAGGGCTCCTACTGGACG,CGTCTCAGTGG,GGCAAGAGACG,CCCAATCTACGGCAAGAGACG,ACTCACTGCTCGTCTCTTGCC,MUZ254.37,CCCAATCTACGGCAAGAGAC,MUZ253.73,ACTCACTGCTCGTCTCTTG,65,64,65,62,61.1,26,1.1
2,TTACTGACCC,GATTTGCGAC,Esp3I,CGTCTC,Esp3I,GAGACG,FOXA1-W199,AGTGG,CTGAGCGAGATCTACCAGTGG,FOXA1-G239,GGCAA,GGCAAGGGCTCCTACTGGACG,CGTCTCAGTGG,GGCAAGAGACG,TTACTGACCCGGCAAGAGACG,GTCGCAAATCCGTCTCTTGCC,MUZ254.38,TTACTGACCCGGCAAGAGA,MUZ253.74,GTCGCAAATCCGTCTCTTG,66,64,65,62.6,60.7,22.7,28.1
3,CGTCCAGTAA,GTTAGAGGTG,Esp3I,CGTCTC,Esp3I,GAGACG,FOXA1-W199,AGTGG,CTGAGCGAGATCTACCAGTGG,FOXA1-G239,GGCAA,GGCAAGGGCTCCTACTGGACG,CGTCTCAGTGG,GGCAAGAGACG,CGTCCAGTAAGGCAAGAGACG,CACCTCTAACCGTCTCTTGCC,MUZ254.39,CGTCCAGTAAGGCAAGAGAC,MUZ253.75,CACCTCTAACCGTCTCTTGC,65,65,66,61.8,61.8,37.3,-4.6
4,GCATGTACGA,AGATGCTGAG,Esp3I,CGTCTC,Esp3I,GAGACG,FOXA1-W199,AGTGG,CTGAGCGAGATCTACCAGTGG,FOXA1-G239,GGCAA,GGCAAGGGCTCCTACTGGACG,CGTCTCAGTGG,GGCAAGAGACG,GCATGTACGAGGCAAGAGACG,CTCAGCATCTCGTCTCTTGCC,MUZ254.40,GCATGTACGAGGCAAGAGAC,MUZ253.76,CTCAGCATCTCGTCTCTTGC,66,65,66,62.4,62.2,27.5,36.4
5,TAGCAGCAGT,CGCTTATACC,Esp3I,CGTCTC,Esp3I,GAGACG,FOXA1-W199,AGTGG,CTGAGCGAGATCTACCAGTGG,FOXA1-G239,GGCAA,GGCAAGGGCTCCTACTGGACG,CGTCTCAGTGG,GGCAAGAGACG,TAGCAGCAGTGGCAAGAGACG,GGTATAAGCGCGTCTCTTGCC,MUZ254.41,TAGCAGCAGTGGCAAGAGA,MUZ253.77,GGTATAAGCGCGTCTCTTGC,66,66,67,63.2,62.7,47.1,29.1
6,TCGGTAAGAG,CTGATCTTGG,Esp3I,CGTCTC,Esp3I,GAGACG,FOXA1-W199,AGTGG,CTGAGCGAGATCTACCAGTGG,FOXA1-G239,GGCAA,GGCAAGGGCTCCTACTGGACG,CGTCTCAGTGG,GGCAAGAGACG,TCGGTAAGAGGGCAAGAGACG,CCAAGATCAGCGTCTCTTGCC,MUZ254.42,TCGGTAAGAGGGCAAGAGAC,MUZ253.78,CCAAGATCAGCGTCTCTTGC,66,66,67,62.9,62.7,12.4,44.5
7,GCAGCCTTTT,AGTGTTCCTG,Esp3I,CGTCTC,Esp3I,GAGACG,FOXA1-W199,AGTGG,CTGAGCGAGATCTACCAGTGG,FOXA1-G239,GGCAA,GGCAAGGGCTCCTACTGGACG,CGTCTCAGTGG,GGCAAGAGACG,GCAGCCTTTTGGCAAGAGACG,CAGGAACACTCGTCTCTTGCC,MUZ254.43,GCAGCCTTTTGGCAAGAGA,MUZ253.79,CAGGAACACTCGTCTCTTGC,66,66,67,63,62.3,66.4,8.8
8,GGGTAGATTG,AAGTCCGATC,Esp3I,CGTCTC,Esp3I,GAGACG,FOXA1-W199,AGTGG,CTGAGCGAGATCTACCAGTGG,FOXA1-G239,GGCAA,GGCAAGGGCTCCTACTGGACG,CGTCTCAGTGG,GGCAAGAGACG,GGGTAGATTGGGCAAGAGACG,GATCGGACTTCGTCTCTTGCC,MUZ254.44,GGGTAGATTGGGCAAGAGAC,MUZ253.80,GATCGGACTTCGTCTCTTGC,65,65,66,61.8,62.1,15.7,40.7
9,TTCTGCCTCT,AAAGGACTGC,Esp3I,CGTCTC,Esp3I,GAGACG,FOXA1-W199,AGTGG,CTGAGCGAGATCTACCAGTGG,FOXA1-G239,GGCAA,GGCAAGGGCTCCTACTGGACG,CGTCTCAGTGG,GGCAAGAGACG,TTCTGCCTCTGGCAAGAGACG,GCAGTCCTTTCGTCTCTTGCC,MUZ254.45,TTCTGCCTCTGGCAAGAGA,MUZ253.81,GCAGTCCTTTCGTCTCTTGC,66,66,67,62.9,62.9,54.6,26.5
10,CATGACTCCA,TGTAACAGGC,Esp3I,CGTCTC,Esp3I,GAGACG,FOXA1-W199,AGTGG,CTGAGCGAGATCTACCAGTGG,FOXA1-G239,GGCAA,GGCAAGGGCTCCTACTGGACG,CGTCTCAGTGG,GGCAAGAGACG,CATGACTCCAGGCAAGAGACG,GCCTGTTACACGTCTCTTGCC,MUZ254.46,CATGACTCCAGGCAAGAGAC,MUZ253.82,GCCTGTTACACGTCTCTTGC,65,66,66,62,62.9,42.4,7.6
11,CACCCTAGTT,GTGGGTTAAC,Esp3I,CGTCTC,Esp3I,GAGACG,FOXA1-W199,AGTGG,CTGAGCGAGATCTACCAGTGG,FOXA1-G239,GGCAA,GGCAAGGGCTCCTACTGGACG,CGTCTCAGTGG,GGCAAGAGACG,CACCCTAGTTGGCAAGAGACG,GTTAACCCACCGTCTCTTGCC,MUZ254.47,CACCCTAGTTGGCAAGAGAC,MUZ253.83,GTTAACCCACCGTCTCTTGC,65,66,66,61.9,62.7,34.5,-4.7
12,ACACAAGACG,CTAGAGGGAT,Esp3I,CGTCTC,Esp3I,GAGACG,FOXA1-W199,AGTGG,CTGAGCGAGATCTACCAGTGG,FOXA1-G239,GGCAA,GGCAAGGGCTCCTACTGGACG,CGTCTCAGTGG,GGCAAGAGACG,ACACAAGACGGGCAAGAGACG,ATCCCTCTAGCGTCTCTTGCC,MUZ254.48,ACACAAGACGGGCAAGAGA,MUZ253.84,ATCCCTCTAGCGTCTCTTGC,66,66,67,63.4,63,150918.4,33
1,CCCAATCTAC,AGCAGTGAGT,Esp3I,CGTCTC,Esp3I,GAGACG,FOXA1-R233,CACGC,TGCTTCGTCAAGGTGGCACGC,FOXA1-P272,CCGGG,CCGGGGGCCGGCGGCGGGGGC,CGTCTCCACGC,CCGGGGAGACG,CCCAATCTACCCGGGGAGACG,ACTCACTGCTCGTCTCCCCGG,MUZ254.49,CCCAATCTACCCGGGGA,MUZ253.85,ACTCACTGCTCGTCTCCC,67,67,68,62.2,62.7,48.9,1.1
2,TTACTGACCC,GATTTGCGAC,Esp3I,CGTCTC,Esp3I,GAGACG,FOXA1-R233,CACGC,TGCTTCGTCAAGGTGGCACGC,FOXA1-P272,CCGGG,CCGGGGGCCGGCGGCGGGGGC,CGTCTCCACGC,CCGGGGAGACG,TTACTGACCCCCGGGGAGACG,GTCGCAAATCCGTCTCCCCGG,MUZ254.50,TTACTGACCCCCGGGGA,MUZ253.86,GTCGCAAATCCGTCTCCC,68,66,67,64,62.3,58.2,28.1
3,CGTCCAGTAA,GTTAGAGGTG,Esp3I,CGTCTC,Esp3I,GAGACG,FOXA1-R233,CACGC,TGCTTCGTCAAGGTGGCACGC,FOXA1-P272,CCGGG,CCGGGGGCCGGCGGCGGGGGC,CGTCTCCACGC,CCGGGGAGACG,CGTCCAGTAACCGGGGAGACG,CACCTCTAACCGTCTCCCCGG,MUZ254.51,CGTCCAGTAACCGGGGA,MUZ253.87,CACCTCTAACCGTCTCCCC,67,67,68,62.6,62.9,30,-38.2
4,GCATGTACGA,AGATGCTGAG,Esp3I,CGTCTC,Esp3I,GAGACG,FOXA1-R233,CACGC,TGCTTCGTCAAGGTGGCACGC,FOXA1-P272,CCGGG,CCGGGGGCCGGCGGCGGGGGC,CGTCTCCACGC,CCGGGGAGACG,GCATGTACGACCGGGGAGACG,CTCAGCATCTCGTCTCCCCGG,MUZ254.52,GCATGTACGACCGGGGA,MUZ253.88,CTCAGCATCTCGTCTCCCC,68,67,68,63.3,63.2,6,-0.8
5,TAGCAGCAGT,CGCTTATACC,Esp3I,CGTCTC,Esp3I,GAGACG,FOXA1-R233,CACGC,TGCTTCGTCAAGGTGGCACGC,FOXA1-P272,CCGGG,CCGGGGGCCGGCGGCGGGGGC,CGTCTCCACGC,CCGGGGAGACG,TAGCAGCAGTCCGGGGAGACG,GGTATAAGCGCGTCTCCCCGG,MUZ254.53,TAGCAGCAGTCCGGGGA,MUZ253.89,GGTATAAGCGCGTCTCCCC,69,68,69,64.6,63.8,14.7,1.9
6,TCGGTAAGAG,CTGATCTTGG,Esp3I,CGTCTC,Esp3I,GAGACG,FOXA1-R233,CACGC,TGCTTCGTCAAGGTGGCACGC,FOXA1-P272,CCGGG,CCGGGGGCCGGCGGCGGGGGC,CGTCTCCACGC,CCGGGGAGACG,TCGGTAAGAGCCGGGGAGACG,CCAAGATCAGCGTCTCCCCGG,MUZ254.54,TCGGTAAGAGCCGGGGA,MUZ253.90,CCAAGATCAGCGTCTCCCC,69,68,69,64.2,63.8,57.9,21.9
7,GCAGCCTTTT,AGTGTTCCTG,Esp3I,CGTCTC,Esp3I,GAGACG,FOXA1-R233,CACGC,TGCTTCGTCAAGGTGGCACGC,FOXA1-P272,CCGGG,CCGGGGGCCGGCGGCGGGGGC,CGTCTCCACGC,CCGGGGAGACG,GCAGCCTTTTCCGGGGAGACG,CAGGAACACTCGTCTCCCCGG,MUZ254.55,GCAGCCTTTTCCGGGGA,MUZ253.91,CAGGAACACTCGTCTCCCC,69,68,69,64.4,63.4,33.9,30.9
8,GGGTAGATTG,AAGTCCGATC,Esp3I,CGTCTC,Esp3I,GAGACG,FOXA1-R233,CACGC,TGCTTCGTCAAGGTGGCACGC,FOXA1-P272,CCGGG,CCGGGGGCCGGCGGCGGGGGC,CGTCTCCACGC,CCGGGGAGACG,GGGTAGATTGCCGGGGAGACG,GATCGGACTTCGTCTCCCCGG,MUZ254.56,GGGTAGATTGCCGGGGA,MUZ253.92,GATCGGACTTCGTCTCCCC,67,67,68,62.9,63.2,32.8,40.7
9,TTCTGCCTCT,AAAGGACTGC,Esp3I,CGTCTC,Esp3I,GAGACG,FOXA1-R233,CACGC,TGCTTCGTCAAGGTGGCACGC,FOXA1-P272,CCGGG,CCGGGGGCCGGCGGCGGGGGC,CGTCTCCACGC,CCGGGGAGACG,TTCTGCCTCTCCGGGGAGACG,GCAGTCCTTTCGTCTCCCCGG,MUZ254.57,TTCTGCCTCTCCGGGGA,MUZ253.93,GCAGTCCTTTCGTCTCCCC,69,68,69,64.3,64,48.8,-10.4
10,CATGACTCCA,TGTAACAGGC,Esp3I,CGTCTC,Esp3I,GAGACG,FOXA1-R233,CACGC,TGCTTCGTCAAGGTGGCACGC,FOXA1-P272,CCGGG,CCGGGGGCCGGCGGCGGGGGC,CGTCTCCACGC,CCGGGGAGACG,CATGACTCCACCGGGGAGACG,GCCTGTTACACGTCTCCCCGG,MUZ254.58,CATGACTCCACCGGGGA,MUZ253.94,GCCTGTTACACGTCTCCCC,67,68,68,62.7,64,48.4,1.9
11,CACCCTAGTT,GTGGGTTAAC,Esp3I,CGTCTC,Esp3I,GAGACG,FOXA1-R233,CACGC,TGCTTCGTCAAGGTGGCACGC,FOXA1-P272,CCGGG,CCGGGGGCCGGCGGCGGGGGC,CGTCTCCACGC,CCGGGGAGACG,CACCCTAGTTCCGGGGAGACG,GTTAACCCACCGTCTCCCCGG,MUZ254.59,CACCCTAGTTCCGGGGA,MUZ253.95,GTTAACCCACCGTCTCCCC,66,68,67,62.1,63.8,55,-4.7
12,ACACAAGACG,CTAGAGGGAT,Esp3I,CGTCTC,Esp3I,GAGACG,FOXA1-R233,CACGC,TGCTTCGTCAAGGTGGCACGC,FOXA1-P272,CCGGG,CCGGGGGCCGGCGGCGGGGGC,CGTCTCCACGC,CCGGGGAGACG,ACACAAGACGCCGGGGAGACG,ATCCCTCTAGCGTCTCCCCGG,MUZ254.60,ACACAAGACGCCGGGG,MUZ253.96,ATCCCTCTAGCGTCTCCCC,69,69,70,64,64.2,150918.4,-6