Subpool Number,Forward Barcode,Reverse Barcode,Forward RE Name,Forward RE Sequence,Reverse RE Name,Reverse RE Sequence,Forward Homology Name,Forward Homology Sequence,Reverse Homology Name,Reverse Homology Sequence,Forward RE Homology Sequence,Reverse RE Homology Sequence,Forward PCR Template,Reverse PCR Template,Forward PCR Primer ID,Forward PCR Primer Sequence,Reverse PCR Primer ID,Reverse PCR Primer Sequence,Forward PCR Primer NEB Tm,Reverse PCR Primer NEB Tm,PCR Primers NEB Ta,Forward PCR Primer IDT Tm,Reverse PCR Primer IDT Tm,Forward PCR Primer IDT Th,Reverse PCR Primer IDT Th
1,CCCAATCTAC,AGCAGTGAGT,Esp3I,CGTCTC,Esp3I,GAGACG,hU6,ACACC,tevopreQ1,CGCGG,CGTCTCACACC,CGCGGGAGACG,CCCAATCTACCGTCTCACACC,ACTCACTGCTCGTCTCCCGCG,MUZ247.1,CCCAATCTACCGTCTCACAC,MUZ247.2,ACTCACTGCTCGTCTCCC,65,67,66,61.6,62.7,14.1,1.1
2,TTACTGACCC,GATTTGCGAC,Esp3I,CGTCTC,Esp3I,GAGACG,hU6,ACACC,tevopreQ1,CGCGG,CGTCTCACACC,CGCGGGAGACG,TTACTGACCCCGTCTCACACC,GTCGCAAATCCGTCTCCCGCG,MUZ247.3,TTACTGACCCCGTCTCACA,MUZ247.4,GTCGCAAATCCGTCTCCC,65,66,66,62.2,62.3,35.5,28.1
3,CGTCCAGTAA,GTTAGAGGTG,Esp3I,CGTCTC,Esp3I,GAGACG,hU6,ACACC,tevopreQ1,CGCGG,CGTCTCACACC,CGCGGGAGACG,CGTCCAGTAACGTCTCACACC,CACCTCTAACCGTCTCCCGCG,MUZ247.5,CGTCCAGTAACGTCTCACA,MUZ247.6,CACCTCTAACCGTCTCCC,64,64,65,61,60.4,37.5,-38.2
4,GCATGTACGA,AGATGCTGAG,Esp3I,CGTCTC,Esp3I,GAGACG,hU6,ACACC,tevopreQ1,CGCGG,CGTCTCACACC,CGCGGGAGACG,GCATGTACGACGTCTCACACC,CTCAGCATCTCGTCTCCCGCG,MUZ247.7,GCATGTACGACGTCTCACA,MUZ247.8,CTCAGCATCTCGTCTCCC,65,65,66,61.6,60.8,22.7,-0.8
5,TAGCAGCAGT,CGCTTATACC,Esp3I,CGTCTC,Esp3I,GAGACG,hU6,ACACC,tevopreQ1,CGCGG,CGTCTCACACC,CGCGGGAGACG,TAGCAGCAGTCGTCTCACACC,GGTATAAGCGCGTCTCCCGCG,MUZ247.9,TAGCAGCAGTCGTCTCAC,MUZ247.10,GGTATAAGCGCGTCTCCC,64,65,65,60.8,61.5,14.7,1.9
6,TCGGTAAGAG,CTGATCTTGG,Esp3I,CGTCTC,Esp3I,GAGACG,hU6,ACACC,tevopreQ1,CGCGG,CGTCTCACACC,CGCGGGAGACG,TCGGTAAGAGCGTCTCACACC,CCAAGATCAGCGTCTCCCGCG,MUZ247.11,TCGGTAAGAGCGTCTCAC,MUZ247.12,CCAAGATCAGCGTCTCCC,64,65,65,60.4,61.5,37.9,21.9
7,GCAGCCTTTT,AGTGTTCCTG,Esp3I,CGTCTC,Esp3I,GAGACG,hU6,ACACC,tevopreQ1,CGCGG,CGTCTCACACC,CGCGGGAGACG,GCAGCCTTTTCGTCTCACACC,CAGGAACACTCGTCTCCCGCG,MUZ247.13,GCAGCCTTTTCGTCTCAC,MUZ247.14,CAGGAACACTCGTCTCCC,64,65,65,60.6,61,-14.3,30.9
8,GGGTAGATTG,AAGTCCGATC,Esp3I,CGTCTC,Esp3I,GAGACG,hU6,ACACC,tevopreQ1,CGCGG,CGTCTCACACC,CGCGGGAGACG,GGGTAGATTGCGTCTCACACC,GATCGGACTTCGTCTCCCGCG,MUZ247.15,GGGTAGATTGCGTCTCACA,MUZ247.16,GATCGGACTTCGTCTCCC,64,65,65,61.2,60.8,37.3,40.7
9,TTCTGCCTCT,AAAGGACTGC,Esp3I,CGTCTC,Esp3I,GAGACG,hU6,ACACC,tevopreQ1,CGCGG,CGTCTCACACC,CGCGGGAGACG,TTCTGCCTCTCGTCTCACACC,GCAGTCCTTTCGTCTCCCGCG,MUZ247.17,TTCTGCCTCTCGTCTCAC,MUZ247.18,GCAGTCCTTTCGTCTCCC,64,66,65,60.5,61.6,-9,-10.4
10,CATGACTCCA,TGTAACAGGC,Esp3I,CGTCTC,Esp3I,GAGACG,hU6,ACACC,tevopreQ1,CGCGG,CGTCTCACACC,CGCGGGAGACG,CATGACTCCACGTCTCACACC,GCCTGTTACACGTCTCCCGCG,MUZ247.19,CATGACTCCACGTCTCACA,MUZ247.20,GCCTGTTACACGTCTCCC,64,66,65,61.1,61.6,44.1,1.9
11,CACCCTAGTT,GTGGGTTAAC,Esp3I,CGTCTC,Esp3I,GAGACG,hU6,ACACC,tevopreQ1,CGCGG,CGTCTCACACC,CGCGGGAGACG,CACCCTAGTTCGTCTCACACC,GTTAACCCACCGTCTCCCGCG,MUZ247.21,CACCCTAGTTCGTCTCACAC,MUZ247.22,GTTAACCCACCGTCTCCC,65,65,66,61.5,61.4,25.6,-4.7
12,ACACAAGACG,CTAGAGGGAT,Esp3I,CGTCTC,Esp3I,GAGACG,hU6,ACACC,tevopreQ1,CGCGG,CGTCTCACACC,CGCGGGAGACG,ACACAAGACGCGTCTCACACC,ATCCCTCTAGCGTCTCCCGCG,MUZ247.23,ACACAAGACGCGTCTCAC,MUZ247.24,ATCCCTCTAGCGTCTCCC,65,66,66,61.8,61.8,38.9,-6
1,CCCAATCTAC,AGCAGTGAGT,Esp3I,CGTCTC,Esp3I,GAGACG,7SK,TTCTC,tevopreQ1,CGCGG,CGTCTCTTCTC,CGCGGGAGACG,CCCAATCTACCGTCTCTTCTC,ACTCACTGCTCGTCTCCCGCG,MUZ254.1,CCCAATCTACCGTCTCTTCTC,MUZ247.2,ACTCACTGCTCGTCTCCC,64,67,65,61.2,62.7,-48,1.1
2,TTACTGACCC,GATTTGCGAC,Esp3I,CGTCTC,Esp3I,GAGACG,7SK,TTCTC,tevopreQ1,CGCGG,CGTCTCTTCTC,CGCGGGAGACG,TTACTGACCCCGTCTCTTCTC,GTCGCAAATCCGTCTCCCGCG,MUZ254.3,TTACTGACCCCGTCTCTTCT,MUZ247.4,GTCGCAAATCCGTCTCCC,65,66,66,62,62.3,35.5,28.1
3,CGTCCAGTAA,GTTAGAGGTG,Esp3I,CGTCTC,Esp3I,GAGACG,7SK,TTCTC,tevopreQ1,CGCGG,CGTCTCTTCTC,CGCGGGAGACG,CGTCCAGTAACGTCTCTTCTC,CACCTCTAACCGTCTCCCGCG,MUZ254.5,CGTCCAGTAACGTCTCTTCTC,MUZ247.6,CACCTCTAACCGTCTCCC,64,64,65,61.5,60.4,37.5,-38.2
4,GCATGTACGA,AGATGCTGAG,Esp3I,CGTCTC,Esp3I,GAGACG,7SK,TTCTC,tevopreQ1,CGCGG,CGTCTCTTCTC,CGCGGGAGACG,GCATGTACGACGTCTCTTCTC,CTCAGCATCTCGTCTCCCGCG,MUZ254.7,GCATGTACGACGTCTCTTCT,MUZ247.8,CTCAGCATCTCGTCTCCC,64,65,65,61.4,60.8,13.4,-0.8
5,TAGCAGCAGT,CGCTTATACC,Esp3I,CGTCTC,Esp3I,GAGACG,7SK,TTCTC,tevopreQ1,CGCGG,CGTCTCTTCTC,CGCGGGAGACG,TAGCAGCAGTCGTCTCTTCTC,GGTATAAGCGCGTCTCCCGCG,MUZ254.9,TAGCAGCAGTCGTCTCTTCT,MUZ247.10,GGTATAAGCGCGTCTCCC,65,65,66,62.5,61.5,14.7,1.9
6,TCGGTAAGAG,CTGATCTTGG,Esp3I,CGTCTC,Esp3I,GAGACG,7SK,TTCTC,tevopreQ1,CGCGG,CGTCTCTTCTC,CGCGGGAGACG,TCGGTAAGAGCGTCTCTTCTC,CCAAGATCAGCGTCTCCCGCG,MUZ254.11,TCGGTAAGAGCGTCTCTTCT,MUZ247.12,CCAAGATCAGCGTCTCCC,65,65,66,62.2,61.5,49.6,21.9
7,GCAGCCTTTT,AGTGTTCCTG,Esp3I,CGTCTC,Esp3I,GAGACG,7SK,TTCTC,tevopreQ1,CGCGG,CGTCTCTTCTC,CGCGGGAGACG,GCAGCCTTTTCGTCTCTTCTC,CAGGAACACTCGTCTCCCGCG,MUZ254.13,GCAGCCTTTTCGTCTCTTC,MUZ247.14,CAGGAACACTCGTCTCCC,64,65,65,60.7,61,-28,30.9
8,GGGTAGATTG,AAGTCCGATC,Esp3I,CGTCTC,Esp3I,GAGACG,7SK,TTCTC,tevopreQ1,CGCGG,CGTCTCTTCTC,CGCGGGAGACG,GGGTAGATTGCGTCTCTTCTC,GATCGGACTTCGTCTCCCGCG,MUZ254.15,GGGTAGATTGCGTCTCTTCT,MUZ247.16,GATCGGACTTCGTCTCCC,64,65,65,61,60.8,37.3,40.7
9,TTCTGCCTCT,AAAGGACTGC,Esp3I,CGTCTC,Esp3I,GAGACG,7SK,TTCTC,tevopreQ1,CGCGG,CGTCTCTTCTC,CGCGGGAGACG,TTCTGCCTCTCGTCTCTTCTC,GCAGTCCTTTCGTCTCCCGCG,MUZ254.17,TTCTGCCTCTCGTCTCTTC,MUZ247.18,GCAGTCCTTTCGTCTCCC,64,66,65,60.6,61.6,-9,-10.4
10,CATGACTCCA,TGTAACAGGC,Esp3I,CGTCTC,Esp3I,GAGACG,7SK,TTCTC,tevopreQ1,CGCGG,CGTCTCTTCTC,CGCGGGAGACG,CATGACTCCACGTCTCTTCTC,GCCTGTTACACGTCTCCCGCG,MUZ254.19,CATGACTCCACGTCTCTTCT,MUZ247.20,GCCTGTTACACGTCTCCC,64,66,65,60.9,61.6,44.1,1.9
11,CACCCTAGTT,GTGGGTTAAC,Esp3I,CGTCTC,Esp3I,GAGACG,7SK,TTCTC,tevopreQ1,CGCGG,CGTCTCTTCTC,CGCGGGAGACG,CACCCTAGTTCGTCTCTTCTC,GTTAACCCACCGTCTCCCGCG,MUZ254.21,CACCCTAGTTCGTCTCTTCTC,MUZ247.22,GTTAACCCACCGTCTCCC,64,65,65,61,61.4,25.6,-4.7
12,ACACAAGACG,CTAGAGGGAT,Esp3I,CGTCTC,Esp3I,GAGACG,7SK,TTCTC,tevopreQ1,CGCGG,CGTCTCTTCTC,CGCGGGAGACG,ACACAAGACGCGTCTCTTCTC,ATCCCTCTAGCGTCTCCCGCG,MUZ254.23,ACACAAGACGCGTCTCTTC,MUZ247.24,ATCCCTCTAGCGTCTCCC,65,66,66,61.9,61.8,38.9,-6